#usda 1.0
(
    defaultPrim = "World"
    documentation = "Baked robot animation generated by botrail"
    startTimeCode = 0.0
    endTimeCode = 0.0
    timeCodesPerSecond = 60.0
    framesPerSecond = 60.0
    metersPerUnit = 1.0
    upAxis = "Z"
)

def Xform "World"
{
    def Xform "Env"
    {
        def Xform "conv"
        {
            def Xform "trim"
            {
                def Xform "s0"
                {
                    def Cube "leg_l"
                    {
                        double size = 1.0
                        float3[] extent = [(-0.5, -0.5, -0.5), (0.5, 0.5, 0.5)]
                        double3 xformOp:translate = (-2.325, 0.795, 0.25)
                        quatd xformOp:orient = (1.0, 0.0, 0.0, 0.0)
                        double3 xformOp:scale = (0.05, 0.05, 0.5)
                        uniform token[] xformOpOrder = ["xformOp:translate", "xformOp:orient", "xformOp:scale"]
                        color3f[] primvars:displayColor = [(0.20000000298023224, 0.20999999344348907, 0.23000000417232513)]
                    }
                    def Cube "foot_l"
                    {
                        double size = 1.0
                        float3[] extent = [(-0.5, -0.5, -0.5), (0.5, 0.5, 0.5)]
                        double3 xformOp:translate = (-2.325, 0.795, 0.00625)
                        quatd xformOp:orient = (1.0, 0.0, 0.0, 0.0)
                        double3 xformOp:scale = (0.09000000000000001, 0.09000000000000001, 0.0125)
                        uniform token[] xformOpOrder = ["xformOp:translate", "xformOp:orient", "xformOp:scale"]
                        color3f[] primvars:displayColor = [(0.23999999463558197, 0.25999999046325684, 0.30000001192092896)]
                    }
                    def Cube "leg_r"
                    {
                        double size = 1.0
                        float3[] extent = [(-0.5, -0.5, -0.5), (0.5, 0.5, 0.5)]
                        double3 xformOp:translate = (-2.325, 0.44499999999999995, 0.25)
                        quatd xformOp:orient = (1.0, 0.0, 0.0, 0.0)
                        double3 xformOp:scale = (0.05, 0.05, 0.5)
                        uniform token[] xformOpOrder = ["xformOp:translate", "xformOp:orient", "xformOp:scale"]
                        color3f[] primvars:displayColor = [(0.20000000298023224, 0.20999999344348907, 0.23000000417232513)]
                    }
                    def Cube "foot_r"
                    {
                        double size = 1.0
                        float3[] extent = [(-0.5, -0.5, -0.5), (0.5, 0.5, 0.5)]
                        double3 xformOp:translate = (-2.325, 0.44499999999999995, 0.00625)
                        quatd xformOp:orient = (1.0, 0.0, 0.0, 0.0)
                        double3 xformOp:scale = (0.09000000000000001, 0.09000000000000001, 0.0125)
                        uniform token[] xformOpOrder = ["xformOp:translate", "xformOp:orient", "xformOp:scale"]
                        color3f[] primvars:displayColor = [(0.23999999463558197, 0.25999999046325684, 0.30000001192092896)]
                    }
                    def Cube "tie"
                    {
                        double size = 1.0
                        float3[] extent = [(-0.5, -0.5, -0.5), (0.5, 0.5, 0.5)]
                        double3 xformOp:translate = (-2.325, 0.62, 0.125)
                        quatd xformOp:orient = (1.0, 0.0, 0.0, 0.0)
                        double3 xformOp:scale = (0.034999999999999996, 0.35000000000000003, 0.034999999999999996)
                        uniform token[] xformOpOrder = ["xformOp:translate", "xformOp:orient", "xformOp:scale"]
                        color3f[] primvars:displayColor = [(0.20000000298023224, 0.20999999344348907, 0.23000000417232513)]
                    }
                }
                def Xform "s1"
                {
                    def Cube "leg_l"
                    {
                        double size = 1.0
                        float3[] extent = [(-0.5, -0.5, -0.5), (0.5, 0.5, 0.5)]
                        double3 xformOp:translate = (-1.075, 0.795, 0.25)
                        quatd xformOp:orient = (1.0, 0.0, 0.0, 0.0)
                        double3 xformOp:scale = (0.05, 0.05, 0.5)
                        uniform token[] xformOpOrder = ["xformOp:translate", "xformOp:orient", "xformOp:scale"]
                        color3f[] primvars:displayColor = [(0.20000000298023224, 0.20999999344348907, 0.23000000417232513)]
                    }
                    def Cube "foot_l"
                    {
                        double size = 1.0
                        float3[] extent = [(-0.5, -0.5, -0.5), (0.5, 0.5, 0.5)]
                        double3 xformOp:translate = (-1.075, 0.795, 0.00625)
                        quatd xformOp:orient = (1.0, 0.0, 0.0, 0.0)
                        double3 xformOp:scale = (0.09000000000000001, 0.09000000000000001, 0.0125)
                        uniform token[] xformOpOrder = ["xformOp:translate", "xformOp:orient", "xformOp:scale"]
                        color3f[] primvars:displayColor = [(0.23999999463558197, 0.25999999046325684, 0.30000001192092896)]
                    }
                    def Cube "leg_r"
                    {
                        double size = 1.0
                        float3[] extent = [(-0.5, -0.5, -0.5), (0.5, 0.5, 0.5)]
                        double3 xformOp:translate = (-1.075, 0.44499999999999995, 0.25)
                        quatd xformOp:orient = (1.0, 0.0, 0.0, 0.0)
                        double3 xformOp:scale = (0.05, 0.05, 0.5)
                        uniform token[] xformOpOrder = ["xformOp:translate", "xformOp:orient", "xformOp:scale"]
                        color3f[] primvars:displayColor = [(0.20000000298023224, 0.20999999344348907, 0.23000000417232513)]
                    }
                    def Cube "foot_r"
                    {
                        double size = 1.0
                        float3[] extent = [(-0.5, -0.5, -0.5), (0.5, 0.5, 0.5)]
                        double3 xformOp:translate = (-1.075, 0.44499999999999995, 0.00625)
                        quatd xformOp:orient = (1.0, 0.0, 0.0, 0.0)
                        double3 xformOp:scale = (0.09000000000000001, 0.09000000000000001, 0.0125)
                        uniform token[] xformOpOrder = ["xformOp:translate", "xformOp:orient", "xformOp:scale"]
                        color3f[] primvars:displayColor = [(0.23999999463558197, 0.25999999046325684, 0.30000001192092896)]
                    }
                    def Cube "tie"
                    {
                        double size = 1.0
                        float3[] extent = [(-0.5, -0.5, -0.5), (0.5, 0.5, 0.5)]
                        double3 xformOp:translate = (-1.075, 0.62, 0.125)
                        quatd xformOp:orient = (1.0, 0.0, 0.0, 0.0)
                        double3 xformOp:scale = (0.034999999999999996, 0.35000000000000003, 0.034999999999999996)
                        uniform token[] xformOpOrder = ["xformOp:translate", "xformOp:orient", "xformOp:scale"]
                        color3f[] primvars:displayColor = [(0.20000000298023224, 0.20999999344348907, 0.23000000417232513)]
                    }
                }
                def Xform "s2"
                {
                    def Cube "leg_l"
                    {
                        double size = 1.0
                        float3[] extent = [(-0.5, -0.5, -0.5), (0.5, 0.5, 0.5)]
                        double3 xformOp:translate = (0.175, 0.795, 0.25)
                        quatd xformOp:orient = (1.0, 0.0, 0.0, 0.0)
                        double3 xformOp:scale = (0.05, 0.05, 0.5)
                        uniform token[] xformOpOrder = ["xformOp:translate", "xformOp:orient", "xformOp:scale"]
                        color3f[] primvars:displayColor = [(0.20000000298023224, 0.20999999344348907, 0.23000000417232513)]
                    }
                    def Cube "foot_l"
                    {
                        double size = 1.0
                        float3[] extent = [(-0.5, -0.5, -0.5), (0.5, 0.5, 0.5)]
                        double3 xformOp:translate = (0.175, 0.795, 0.00625)
                        quatd xformOp:orient = (1.0, 0.0, 0.0, 0.0)
                        double3 xformOp:scale = (0.09000000000000001, 0.09000000000000001, 0.0125)
                        uniform token[] xformOpOrder = ["xformOp:translate", "xformOp:orient", "xformOp:scale"]
                        color3f[] primvars:displayColor = [(0.23999999463558197, 0.25999999046325684, 0.30000001192092896)]
                    }
                    def Cube "leg_r"
                    {
                        double size = 1.0
                        float3[] extent = [(-0.5, -0.5, -0.5), (0.5, 0.5, 0.5)]
                        double3 xformOp:translate = (0.175, 0.44499999999999995, 0.25)
                        quatd xformOp:orient = (1.0, 0.0, 0.0, 0.0)
                        double3 xformOp:scale = (0.05, 0.05, 0.5)
                        uniform token[] xformOpOrder = ["xformOp:translate", "xformOp:orient", "xformOp:scale"]
                        color3f[] primvars:displayColor = [(0.20000000298023224, 0.20999999344348907, 0.23000000417232513)]
                    }
                    def Cube "foot_r"
                    {
                        double size = 1.0
                        float3[] extent = [(-0.5, -0.5, -0.5), (0.5, 0.5, 0.5)]
                        double3 xformOp:translate = (0.175, 0.44499999999999995, 0.00625)
                        quatd xformOp:orient = (1.0, 0.0, 0.0, 0.0)
                        double3 xformOp:scale = (0.09000000000000001, 0.09000000000000001, 0.0125)
                        uniform token[] xformOpOrder = ["xformOp:translate", "xformOp:orient", "xformOp:scale"]
                        color3f[] primvars:displayColor = [(0.23999999463558197, 0.25999999046325684, 0.30000001192092896)]
                    }
                    def Cube "tie"
                    {
                        double size = 1.0
                        float3[] extent = [(-0.5, -0.5, -0.5), (0.5, 0.5, 0.5)]
                        double3 xformOp:translate = (0.175, 0.62, 0.125)
                        quatd xformOp:orient = (1.0, 0.0, 0.0, 0.0)
                        double3 xformOp:scale = (0.034999999999999996, 0.35000000000000003, 0.034999999999999996)
                        uniform token[] xformOpOrder = ["xformOp:translate", "xformOp:orient", "xformOp:scale"]
                        color3f[] primvars:displayColor = [(0.20000000298023224, 0.20999999344348907, 0.23000000417232513)]
                    }
                }
                def Xform "s3"
                {
                    def Cube "leg_l"
                    {
                        double size = 1.0
                        float3[] extent = [(-0.5, -0.5, -0.5), (0.5, 0.5, 0.5)]
                        double3 xformOp:translate = (1.425, 0.795, 0.25)
                        quatd xformOp:orient = (1.0, 0.0, 0.0, 0.0)
                        double3 xformOp:scale = (0.05, 0.05, 0.5)
                        uniform token[] xformOpOrder = ["xformOp:translate", "xformOp:orient", "xformOp:scale"]
                        color3f[] primvars:displayColor = [(0.20000000298023224, 0.20999999344348907, 0.23000000417232513)]
                    }
                    def Cube "foot_l"
                    {
                        double size = 1.0
                        float3[] extent = [(-0.5, -0.5, -0.5), (0.5, 0.5, 0.5)]
                        double3 xformOp:translate = (1.425, 0.795, 0.00625)
                        quatd xformOp:orient = (1.0, 0.0, 0.0, 0.0)
                        double3 xformOp:scale = (0.09000000000000001, 0.09000000000000001, 0.0125)
                        uniform token[] xformOpOrder = ["xformOp:translate", "xformOp:orient", "xformOp:scale"]
                        color3f[] primvars:displayColor = [(0.23999999463558197, 0.25999999046325684, 0.30000001192092896)]
                    }
                    def Cube "leg_r"
                    {
                        double size = 1.0
                        float3[] extent = [(-0.5, -0.5, -0.5), (0.5, 0.5, 0.5)]
                        double3 xformOp:translate = (1.425, 0.44499999999999995, 0.25)
                        quatd xformOp:orient = (1.0, 0.0, 0.0, 0.0)
                        double3 xformOp:scale = (0.05, 0.05, 0.5)
                        uniform token[] xformOpOrder = ["xformOp:translate", "xformOp:orient", "xformOp:scale"]
                        color3f[] primvars:displayColor = [(0.20000000298023224, 0.20999999344348907, 0.23000000417232513)]
                    }
                    def Cube "foot_r"
                    {
                        double size = 1.0
                        float3[] extent = [(-0.5, -0.5, -0.5), (0.5, 0.5, 0.5)]
                        double3 xformOp:translate = (1.425, 0.44499999999999995, 0.00625)
                        quatd xformOp:orient = (1.0, 0.0, 0.0, 0.0)
                        double3 xformOp:scale = (0.09000000000000001, 0.09000000000000001, 0.0125)
                        uniform token[] xformOpOrder = ["xformOp:translate", "xformOp:orient", "xformOp:scale"]
                        color3f[] primvars:displayColor = [(0.23999999463558197, 0.25999999046325684, 0.30000001192092896)]
                    }
                    def Cube "tie"
                    {
                        double size = 1.0
                        float3[] extent = [(-0.5, -0.5, -0.5), (0.5, 0.5, 0.5)]
                        double3 xformOp:translate = (1.425, 0.62, 0.125)
                        quatd xformOp:orient = (1.0, 0.0, 0.0, 0.0)
                        double3 xformOp:scale = (0.034999999999999996, 0.35000000000000003, 0.034999999999999996)
                        uniform token[] xformOpOrder = ["xformOp:translate", "xformOp:orient", "xformOp:scale"]
                        color3f[] primvars:displayColor = [(0.20000000298023224, 0.20999999344348907, 0.23000000417232513)]
                    }
                }
                def Xform "unit"
                {
                    def Cube "belt"
                    {
                        double size = 1.0
                        float3[] extent = [(-0.5, -0.5, -0.5), (0.5, 0.5, 0.5)]
                        double3 xformOp:translate = (-0.45, 0.62, 0.525)
                        quatd xformOp:orient = (1.0, 0.0, 0.0, 0.0)
                        double3 xformOp:scale = (3.8, 0.4, 0.05)
                        uniform token[] xformOpOrder = ["xformOp:translate", "xformOp:orient", "xformOp:scale"]
                        color3f[] primvars:displayColor = [(0.10000000149011612, 0.10000000149011612, 0.10999999940395355)]
                    }
                    def Cube "rail_l"
                    {
                        double size = 1.0
                        float3[] extent = [(-0.5, -0.5, -0.5), (0.5, 0.5, 0.5)]
                        double3 xformOp:translate = (-0.45, 0.835, 0.545)
                        quatd xformOp:orient = (1.0, 0.0, 0.0, 0.0)
                        double3 xformOp:scale = (3.8, 0.03, 0.09)
                        uniform token[] xformOpOrder = ["xformOp:translate", "xformOp:orient", "xformOp:scale"]
                        color3f[] primvars:displayColor = [(0.20000000298023224, 0.20999999344348907, 0.23000000417232513)]
                    }
                    def Cube "rail_r"
                    {
                        double size = 1.0
                        float3[] extent = [(-0.5, -0.5, -0.5), (0.5, 0.5, 0.5)]
                        double3 xformOp:translate = (-0.45, 0.40499999999999997, 0.545)
                        quatd xformOp:orient = (1.0, 0.0, 0.0, 0.0)
                        double3 xformOp:scale = (3.8, 0.03, 0.09)
                        uniform token[] xformOpOrder = ["xformOp:translate", "xformOp:orient", "xformOp:scale"]
                        color3f[] primvars:displayColor = [(0.20000000298023224, 0.20999999344348907, 0.23000000417232513)]
                    }
                    def Cylinder "head_roller"
                    {
                        double radius = 0.022500000000000003
                        double height = 0.4
                        float3[] extent = [(-0.02250000089406967, -0.02250000089406967, -0.20000000298023224), (0.02250000089406967, 0.02250000089406967, 0.20000000298023224)]
                        double3 xformOp:translate = (1.4275, 0.62, 0.525)
                        quatd xformOp:orient = (0.7071067811865476, 0.7071067811865475, 0.0, 0.0)
                        uniform token[] xformOpOrder = ["xformOp:translate", "xformOp:orient"]
                        color3f[] primvars:displayColor = [(0.20000000298023224, 0.20999999344348907, 0.23000000417232513)]
                    }
                    def Cylinder "tail_roller"
                    {
                        double radius = 0.022500000000000003
                        double height = 0.4
                        float3[] extent = [(-0.02250000089406967, -0.02250000089406967, -0.20000000298023224), (0.02250000089406967, 0.02250000089406967, 0.20000000298023224)]
                        double3 xformOp:translate = (-2.3275, 0.62, 0.525)
                        quatd xformOp:orient = (0.7071067811865476, 0.7071067811865475, 0.0, 0.0)
                        uniform token[] xformOpOrder = ["xformOp:translate", "xformOp:orient"]
                        color3f[] primvars:displayColor = [(0.20000000298023224, 0.20999999344348907, 0.23000000417232513)]
                    }
                    def Cube "drive"
                    {
                        double size = 1.0
                        float3[] extent = [(-0.5, -0.5, -0.5), (0.5, 0.5, 0.5)]
                        double3 xformOp:translate = (1.23, 0.62, 0.42)
                        quatd xformOp:orient = (1.0, 0.0, 0.0, 0.0)
                        double3 xformOp:scale = (0.22, 0.16, 0.16)
                        uniform token[] xformOpOrder = ["xformOp:translate", "xformOp:orient", "xformOp:scale"]
                        color3f[] primvars:displayColor = [(0.23999999463558197, 0.25999999046325684, 0.30000001192092896)]
                    }
                    def Cylinder "motor"
                    {
                        double radius = 0.06
                        double height = 0.12
                        float3[] extent = [(-0.05999999865889549, -0.05999999865889549, -0.05999999865889549), (0.05999999865889549, 0.05999999865889549, 0.05999999865889549)]
                        double3 xformOp:translate = (1.23, 0.88, 0.42)
                        quatd xformOp:orient = (0.7071067811865476, 0.7071067811865475, 0.0, 0.0)
                        uniform token[] xformOpOrder = ["xformOp:translate", "xformOp:orient"]
                        color3f[] primvars:displayColor = [(0.23999999463558197, 0.25999999046325684, 0.30000001192092896)]
                    }
                }
            }
        }
        def Xform "rack"
        {
            def Xform "trim"
            {
                def Xform "bay"
                {
                    def Cube "upright_0"
                    {
                        double size = 1.0
                        float3[] extent = [(-0.5, -0.5, -0.5), (0.5, 0.5, 0.5)]
                        double3 xformOp:translate = (1.755, -1.1800000000000002, 0.9)
                        quatd xformOp:orient = (0.7071067811865476, 0.0, 0.0, 0.7071067811865475)
                        double3 xformOp:scale = (0.04, 0.04, 1.8)
                        uniform token[] xformOpOrder = ["xformOp:translate", "xformOp:orient", "xformOp:scale"]
                        color3f[] primvars:displayColor = [(0.41999998688697815, 0.4399999976158142, 0.4699999988079071)]
                    }
                    def Cube "foot_0"
                    {
                        double size = 1.0
                        float3[] extent = [(-0.5, -0.5, -0.5), (0.5, 0.5, 0.5)]
                        double3 xformOp:translate = (1.755, -1.1800000000000002, 0.005)
                        quatd xformOp:orient = (0.7071067811865476, 0.0, 0.0, 0.7071067811865475)
                        double3 xformOp:scale = (0.08, 0.08, 0.01)
                        uniform token[] xformOpOrder = ["xformOp:translate", "xformOp:orient", "xformOp:scale"]
                        color3f[] primvars:displayColor = [(0.20000000298023224, 0.20999999344348907, 0.23000000417232513)]
                    }
                    def Cube "upright_1"
                    {
                        double size = 1.0
                        float3[] extent = [(-0.5, -0.5, -0.5), (0.5, 0.5, 0.5)]
                        double3 xformOp:translate = (1.7550000000000001, -0.32, 0.9)
                        quatd xformOp:orient = (0.7071067811865476, 0.0, 0.0, 0.7071067811865475)
                        double3 xformOp:scale = (0.04, 0.04, 1.8)
                        uniform token[] xformOpOrder = ["xformOp:translate", "xformOp:orient", "xformOp:scale"]
                        color3f[] primvars:displayColor = [(0.41999998688697815, 0.4399999976158142, 0.4699999988079071)]
                    }
                    def Cube "foot_1"
                    {
                        double size = 1.0
                        float3[] extent = [(-0.5, -0.5, -0.5), (0.5, 0.5, 0.5)]
                        double3 xformOp:translate = (1.7550000000000001, -0.32, 0.005)
                        quatd xformOp:orient = (0.7071067811865476, 0.0, 0.0, 0.7071067811865475)
                        double3 xformOp:scale = (0.08, 0.08, 0.01)
                        uniform token[] xformOpOrder = ["xformOp:translate", "xformOp:orient", "xformOp:scale"]
                        color3f[] primvars:displayColor = [(0.20000000298023224, 0.20999999344348907, 0.23000000417232513)]
                    }
                    def Cube "upright_2"
                    {
                        double size = 1.0
                        float3[] extent = [(-0.5, -0.5, -0.5), (0.5, 0.5, 0.5)]
                        double3 xformOp:translate = (1.3450000000000002, -0.31999999999999995, 0.9)
                        quatd xformOp:orient = (0.7071067811865476, 0.0, 0.0, 0.7071067811865475)
                        double3 xformOp:scale = (0.04, 0.04, 1.8)
                        uniform token[] xformOpOrder = ["xformOp:translate", "xformOp:orient", "xformOp:scale"]
                        color3f[] primvars:displayColor = [(0.41999998688697815, 0.4399999976158142, 0.4699999988079071)]
                    }
                    def Cube "foot_2"
                    {
                        double size = 1.0
                        float3[] extent = [(-0.5, -0.5, -0.5), (0.5, 0.5, 0.5)]
                        double3 xformOp:translate = (1.3450000000000002, -0.31999999999999995, 0.005)
                        quatd xformOp:orient = (0.7071067811865476, 0.0, 0.0, 0.7071067811865475)
                        double3 xformOp:scale = (0.08, 0.08, 0.01)
                        uniform token[] xformOpOrder = ["xformOp:translate", "xformOp:orient", "xformOp:scale"]
                        color3f[] primvars:displayColor = [(0.20000000298023224, 0.20999999344348907, 0.23000000417232513)]
                    }
                    def Cube "upright_3"
                    {
                        double size = 1.0
                        float3[] extent = [(-0.5, -0.5, -0.5), (0.5, 0.5, 0.5)]
                        double3 xformOp:translate = (1.345, -1.18, 0.9)
                        quatd xformOp:orient = (0.7071067811865476, 0.0, 0.0, 0.7071067811865475)
                        double3 xformOp:scale = (0.04, 0.04, 1.8)
                        uniform token[] xformOpOrder = ["xformOp:translate", "xformOp:orient", "xformOp:scale"]
                        color3f[] primvars:displayColor = [(0.41999998688697815, 0.4399999976158142, 0.4699999988079071)]
                    }
                    def Cube "foot_3"
                    {
                        double size = 1.0
                        float3[] extent = [(-0.5, -0.5, -0.5), (0.5, 0.5, 0.5)]
                        double3 xformOp:translate = (1.345, -1.18, 0.005)
                        quatd xformOp:orient = (0.7071067811865476, 0.0, 0.0, 0.7071067811865475)
                        double3 xformOp:scale = (0.08, 0.08, 0.01)
                        uniform token[] xformOpOrder = ["xformOp:translate", "xformOp:orient", "xformOp:scale"]
                        color3f[] primvars:displayColor = [(0.20000000298023224, 0.20999999344348907, 0.23000000417232513)]
                    }
                    def Cube "brace_l"
                    {
                        double size = 1.0
                        float3[] extent = [(-0.5, -0.5, -0.5), (0.5, 0.5, 0.5)]
                        double3 xformOp:translate = (1.55, -1.18, 0.9)
                        quatd xformOp:orient = (0.5527407459774898, 0.4409962219070003, 0.44099622190700016, 0.5527407459774897)
                        double3 xformOp:scale = (0.013333333333333334, 1.8461040057374882, 0.013333333333333334)
                        uniform token[] xformOpOrder = ["xformOp:translate", "xformOp:orient", "xformOp:scale"]
                        color3f[] primvars:displayColor = [(0.20000000298023224, 0.20999999344348907, 0.23000000417232513)]
                    }
                    def Cube "brace_r"
                    {
                        double size = 1.0
                        float3[] extent = [(-0.5, -0.5, -0.5), (0.5, 0.5, 0.5)]
                        double3 xformOp:translate = (1.55, -0.32, 0.9)
                        quatd xformOp:orient = (0.5527407459774898, 0.4409962219070003, 0.44099622190700016, 0.5527407459774897)
                        double3 xformOp:scale = (0.013333333333333334, 1.8461040057374882, 0.013333333333333334)
                        uniform token[] xformOpOrder = ["xformOp:translate", "xformOp:orient", "xformOp:scale"]
                        color3f[] primvars:displayColor = [(0.20000000298023224, 0.20999999344348907, 0.23000000417232513)]
                    }
                    def Cube "beam1f"
                    {
                        double size = 1.0
                        float3[] extent = [(-0.5, -0.5, -0.5), (0.5, 0.5, 0.5)]
                        double3 xformOp:translate = (1.7550000000000001, -0.75, 0.4)
                        quatd xformOp:orient = (0.7071067811865476, 0.0, 0.0, 0.7071067811865475)
                        double3 xformOp:scale = (0.8200000000000001, 0.024, 0.04)
                        uniform token[] xformOpOrder = ["xformOp:translate", "xformOp:orient", "xformOp:scale"]
                        color3f[] primvars:displayColor = [(0.20000000298023224, 0.20999999344348907, 0.23000000417232513)]
                    }
                    def Cube "beam1b"
                    {
                        double size = 1.0
                        float3[] extent = [(-0.5, -0.5, -0.5), (0.5, 0.5, 0.5)]
                        double3 xformOp:translate = (1.345, -0.75, 0.4)
                        quatd xformOp:orient = (0.7071067811865476, 0.0, 0.0, 0.7071067811865475)
                        double3 xformOp:scale = (0.8200000000000001, 0.024, 0.04)
                        uniform token[] xformOpOrder = ["xformOp:translate", "xformOp:orient", "xformOp:scale"]
                        color3f[] primvars:displayColor = [(0.20000000298023224, 0.20999999344348907, 0.23000000417232513)]
                    }
                    def Cube "beam2f"
                    {
                        double size = 1.0
                        float3[] extent = [(-0.5, -0.5, -0.5), (0.5, 0.5, 0.5)]
                        double3 xformOp:translate = (1.7550000000000001, -0.75, 0.85)
                        quatd xformOp:orient = (0.7071067811865476, 0.0, 0.0, 0.7071067811865475)
                        double3 xformOp:scale = (0.8200000000000001, 0.024, 0.04)
                        uniform token[] xformOpOrder = ["xformOp:translate", "xformOp:orient", "xformOp:scale"]
                        color3f[] primvars:displayColor = [(0.20000000298023224, 0.20999999344348907, 0.23000000417232513)]
                    }
                    def Cube "beam2b"
                    {
                        double size = 1.0
                        float3[] extent = [(-0.5, -0.5, -0.5), (0.5, 0.5, 0.5)]
                        double3 xformOp:translate = (1.345, -0.75, 0.85)
                        quatd xformOp:orient = (0.7071067811865476, 0.0, 0.0, 0.7071067811865475)
                        double3 xformOp:scale = (0.8200000000000001, 0.024, 0.04)
                        uniform token[] xformOpOrder = ["xformOp:translate", "xformOp:orient", "xformOp:scale"]
                        color3f[] primvars:displayColor = [(0.20000000298023224, 0.20999999344348907, 0.23000000417232513)]
                    }
                    def Cube "beam3f"
                    {
                        double size = 1.0
                        float3[] extent = [(-0.5, -0.5, -0.5), (0.5, 0.5, 0.5)]
                        double3 xformOp:translate = (1.7550000000000001, -0.75, 1.3)
                        quatd xformOp:orient = (0.7071067811865476, 0.0, 0.0, 0.7071067811865475)
                        double3 xformOp:scale = (0.8200000000000001, 0.024, 0.04)
                        uniform token[] xformOpOrder = ["xformOp:translate", "xformOp:orient", "xformOp:scale"]
                        color3f[] primvars:displayColor = [(0.20000000298023224, 0.20999999344348907, 0.23000000417232513)]
                    }
                    def Cube "beam3b"
                    {
                        double size = 1.0
                        float3[] extent = [(-0.5, -0.5, -0.5), (0.5, 0.5, 0.5)]
                        double3 xformOp:translate = (1.345, -0.75, 1.3)
                        quatd xformOp:orient = (0.7071067811865476, 0.0, 0.0, 0.7071067811865475)
                        double3 xformOp:scale = (0.8200000000000001, 0.024, 0.04)
                        uniform token[] xformOpOrder = ["xformOp:translate", "xformOp:orient", "xformOp:scale"]
                        color3f[] primvars:displayColor = [(0.20000000298023224, 0.20999999344348907, 0.23000000417232513)]
                    }
                    def Cube "beam4f"
                    {
                        double size = 1.0
                        float3[] extent = [(-0.5, -0.5, -0.5), (0.5, 0.5, 0.5)]
                        double3 xformOp:translate = (1.7550000000000001, -0.75, 1.75)
                        quatd xformOp:orient = (0.7071067811865476, 0.0, 0.0, 0.7071067811865475)
                        double3 xformOp:scale = (0.8200000000000001, 0.024, 0.04)
                        uniform token[] xformOpOrder = ["xformOp:translate", "xformOp:orient", "xformOp:scale"]
                        color3f[] primvars:displayColor = [(0.20000000298023224, 0.20999999344348907, 0.23000000417232513)]
                    }
                    def Cube "beam4b"
                    {
                        double size = 1.0
                        float3[] extent = [(-0.5, -0.5, -0.5), (0.5, 0.5, 0.5)]
                        double3 xformOp:translate = (1.345, -0.75, 1.75)
                        quatd xformOp:orient = (0.7071067811865476, 0.0, 0.0, 0.7071067811865475)
                        double3 xformOp:scale = (0.8200000000000001, 0.024, 0.04)
                        uniform token[] xformOpOrder = ["xformOp:translate", "xformOp:orient", "xformOp:scale"]
                        color3f[] primvars:displayColor = [(0.20000000298023224, 0.20999999344348907, 0.23000000417232513)]
                    }
                }
                def Xform "l0"
                {
                    def Cube "deck"
                    {
                        double size = 1.0
                        float3[] extent = [(-0.5, -0.5, -0.5), (0.5, 0.5, 0.5)]
                        double3 xformOp:translate = (1.55, -0.75, 0.435)
                        quatd xformOp:orient = (0.7071067811865476, 0.0, 0.0, 0.7071067811865475)
                        double3 xformOp:scale = (0.8200000000000001, 0.37, 0.03)
                        uniform token[] xformOpOrder = ["xformOp:translate", "xformOp:orient", "xformOp:scale"]
                        color3f[] primvars:displayColor = [(0.41999998688697815, 0.4399999976158142, 0.4699999988079071)]
                    }
                    def Cube "lip_f"
                    {
                        double size = 1.0
                        float3[] extent = [(-0.5, -0.5, -0.5), (0.5, 0.5, 0.5)]
                        double3 xformOp:translate = (1.72, -0.75, 0.405)
                        quatd xformOp:orient = (0.7071067811865476, 0.0, 0.0, 0.7071067811865475)
                        double3 xformOp:scale = (0.8200000000000001, 0.03, 0.06)
                        uniform token[] xformOpOrder = ["xformOp:translate", "xformOp:orient", "xformOp:scale"]
                        color3f[] primvars:displayColor = [(0.41999998688697815, 0.4399999976158142, 0.4699999988079071)]
                    }
                    def Cube "lip_b"
                    {
                        double size = 1.0
                        float3[] extent = [(-0.5, -0.5, -0.5), (0.5, 0.5, 0.5)]
                        double3 xformOp:translate = (1.3800000000000001, -0.75, 0.405)
                        quatd xformOp:orient = (0.7071067811865476, 0.0, 0.0, 0.7071067811865475)
                        double3 xformOp:scale = (0.8200000000000001, 0.03, 0.06)
                        uniform token[] xformOpOrder = ["xformOp:translate", "xformOp:orient", "xformOp:scale"]
                        color3f[] primvars:displayColor = [(0.41999998688697815, 0.4399999976158142, 0.4699999988079071)]
                    }
                }
                def Xform "l1"
                {
                    def Cube "deck"
                    {
                        double size = 1.0
                        float3[] extent = [(-0.5, -0.5, -0.5), (0.5, 0.5, 0.5)]
                        double3 xformOp:translate = (1.55, -0.75, 0.885)
                        quatd xformOp:orient = (0.7071067811865476, 0.0, 0.0, 0.7071067811865475)
                        double3 xformOp:scale = (0.8200000000000001, 0.37, 0.03)
                        uniform token[] xformOpOrder = ["xformOp:translate", "xformOp:orient", "xformOp:scale"]
                        color3f[] primvars:displayColor = [(0.41999998688697815, 0.4399999976158142, 0.4699999988079071)]
                    }
                    def Cube "lip_f"
                    {
                        double size = 1.0
                        float3[] extent = [(-0.5, -0.5, -0.5), (0.5, 0.5, 0.5)]
                        double3 xformOp:translate = (1.72, -0.75, 0.855)
                        quatd xformOp:orient = (0.7071067811865476, 0.0, 0.0, 0.7071067811865475)
                        double3 xformOp:scale = (0.8200000000000001, 0.03, 0.06)
                        uniform token[] xformOpOrder = ["xformOp:translate", "xformOp:orient", "xformOp:scale"]
                        color3f[] primvars:displayColor = [(0.41999998688697815, 0.4399999976158142, 0.4699999988079071)]
                    }
                    def Cube "lip_b"
                    {
                        double size = 1.0
                        float3[] extent = [(-0.5, -0.5, -0.5), (0.5, 0.5, 0.5)]
                        double3 xformOp:translate = (1.3800000000000001, -0.75, 0.855)
                        quatd xformOp:orient = (0.7071067811865476, 0.0, 0.0, 0.7071067811865475)
                        double3 xformOp:scale = (0.8200000000000001, 0.03, 0.06)
                        uniform token[] xformOpOrder = ["xformOp:translate", "xformOp:orient", "xformOp:scale"]
                        color3f[] primvars:displayColor = [(0.41999998688697815, 0.4399999976158142, 0.4699999988079071)]
                    }
                }
                def Xform "l2"
                {
                    def Cube "deck"
                    {
                        double size = 1.0
                        float3[] extent = [(-0.5, -0.5, -0.5), (0.5, 0.5, 0.5)]
                        double3 xformOp:translate = (1.55, -0.75, 1.3350000000000002)
                        quatd xformOp:orient = (0.7071067811865476, 0.0, 0.0, 0.7071067811865475)
                        double3 xformOp:scale = (0.8200000000000001, 0.37, 0.03)
                        uniform token[] xformOpOrder = ["xformOp:translate", "xformOp:orient", "xformOp:scale"]
                        color3f[] primvars:displayColor = [(0.41999998688697815, 0.4399999976158142, 0.4699999988079071)]
                    }
                    def Cube "lip_f"
                    {
                        double size = 1.0
                        float3[] extent = [(-0.5, -0.5, -0.5), (0.5, 0.5, 0.5)]
                        double3 xformOp:translate = (1.72, -0.75, 1.3050000000000002)
                        quatd xformOp:orient = (0.7071067811865476, 0.0, 0.0, 0.7071067811865475)
                        double3 xformOp:scale = (0.8200000000000001, 0.03, 0.06)
                        uniform token[] xformOpOrder = ["xformOp:translate", "xformOp:orient", "xformOp:scale"]
                        color3f[] primvars:displayColor = [(0.41999998688697815, 0.4399999976158142, 0.4699999988079071)]
                    }
                    def Cube "lip_b"
                    {
                        double size = 1.0
                        float3[] extent = [(-0.5, -0.5, -0.5), (0.5, 0.5, 0.5)]
                        double3 xformOp:translate = (1.3800000000000001, -0.75, 1.3050000000000002)
                        quatd xformOp:orient = (0.7071067811865476, 0.0, 0.0, 0.7071067811865475)
                        double3 xformOp:scale = (0.8200000000000001, 0.03, 0.06)
                        uniform token[] xformOpOrder = ["xformOp:translate", "xformOp:orient", "xformOp:scale"]
                        color3f[] primvars:displayColor = [(0.41999998688697815, 0.4399999976158142, 0.4699999988079071)]
                    }
                }
                def Xform "l3"
                {
                    def Cube "deck"
                    {
                        double size = 1.0
                        float3[] extent = [(-0.5, -0.5, -0.5), (0.5, 0.5, 0.5)]
                        double3 xformOp:translate = (1.55, -0.75, 1.7850000000000001)
                        quatd xformOp:orient = (0.7071067811865476, 0.0, 0.0, 0.7071067811865475)
                        double3 xformOp:scale = (0.8200000000000001, 0.37, 0.03)
                        uniform token[] xformOpOrder = ["xformOp:translate", "xformOp:orient", "xformOp:scale"]
                        color3f[] primvars:displayColor = [(0.41999998688697815, 0.4399999976158142, 0.4699999988079071)]
                    }
                    def Cube "lip_f"
                    {
                        double size = 1.0
                        float3[] extent = [(-0.5, -0.5, -0.5), (0.5, 0.5, 0.5)]
                        double3 xformOp:translate = (1.72, -0.75, 1.7550000000000001)
                        quatd xformOp:orient = (0.7071067811865476, 0.0, 0.0, 0.7071067811865475)
                        double3 xformOp:scale = (0.8200000000000001, 0.03, 0.06)
                        uniform token[] xformOpOrder = ["xformOp:translate", "xformOp:orient", "xformOp:scale"]
                        color3f[] primvars:displayColor = [(0.41999998688697815, 0.4399999976158142, 0.4699999988079071)]
                    }
                    def Cube "lip_b"
                    {
                        double size = 1.0
                        float3[] extent = [(-0.5, -0.5, -0.5), (0.5, 0.5, 0.5)]
                        double3 xformOp:translate = (1.3800000000000001, -0.75, 1.7550000000000001)
                        quatd xformOp:orient = (0.7071067811865476, 0.0, 0.0, 0.7071067811865475)
                        double3 xformOp:scale = (0.8200000000000001, 0.03, 0.06)
                        uniform token[] xformOpOrder = ["xformOp:translate", "xformOp:orient", "xformOp:scale"]
                        color3f[] primvars:displayColor = [(0.41999998688697815, 0.4399999976158142, 0.4699999988079071)]
                    }
                }
            }
            def Xform "stock"
            {
                def Cube "l0_0"
                {
                    double size = 1.0
                    float3[] extent = [(-0.5, -0.5, -0.5), (0.5, 0.5, 0.5)]
                    double3 xformOp:translate = (1.55, -0.97, 0.5700000000000001)
                    quatd xformOp:orient = (1.0, 0.0, 0.0, 0.0)
                    double3 xformOp:scale = (0.28, 0.34, 0.24)
                    uniform token[] xformOpOrder = ["xformOp:translate", "xformOp:orient", "xformOp:scale"]
                    color3f[] primvars:displayColor = [(0.5270000100135803, 0.2540000081062317, 0.07599999755620956)]
                }
                def Cube "l0_1"
                {
                    double size = 1.0
                    float3[] extent = [(-0.5, -0.5, -0.5), (0.5, 0.5, 0.5)]
                    double3 xformOp:translate = (1.55, -0.53, 0.5700000000000001)
                    quatd xformOp:orient = (1.0, 0.0, 0.0, 0.0)
                    double3 xformOp:scale = (0.28, 0.34, 0.24)
                    uniform token[] xformOpOrder = ["xformOp:translate", "xformOp:orient", "xformOp:scale"]
                    color3f[] primvars:displayColor = [(0.5270000100135803, 0.2540000081062317, 0.07599999755620956)]
                }
                def Cube "l1_0"
                {
                    double size = 1.0
                    float3[] extent = [(-0.5, -0.5, -0.5), (0.5, 0.5, 0.5)]
                    double3 xformOp:translate = (1.55, -0.97, 1.01)
                    quatd xformOp:orient = (1.0, 0.0, 0.0, 0.0)
                    double3 xformOp:scale = (0.3, 0.36, 0.22)
                    uniform token[] xformOpOrder = ["xformOp:translate", "xformOp:orient", "xformOp:scale"]
                    color3f[] primvars:displayColor = [(0.02800000086426735, 0.15600000321865082, 0.3919999897480011)]
                }
                def Cube "l1_1"
                {
                    double size = 1.0
                    float3[] extent = [(-0.5, -0.5, -0.5), (0.5, 0.5, 0.5)]
                    double3 xformOp:translate = (1.55, -0.53, 1.01)
                    quatd xformOp:orient = (1.0, 0.0, 0.0, 0.0)
                    double3 xformOp:scale = (0.3, 0.36, 0.22)
                    uniform token[] xformOpOrder = ["xformOp:translate", "xformOp:orient", "xformOp:scale"]
                    color3f[] primvars:displayColor = [(0.02800000086426735, 0.15600000321865082, 0.3919999897480011)]
                }
            }
        }
        def Xform "cabinet"
        {
            def Cube "base"
            {
                double size = 1.0
                float3[] extent = [(-0.5, -0.5, -0.5), (0.5, 0.5, 0.5)]
                double3 xformOp:translate = (1.65, 1.55, 0.05)
                quatd xformOp:orient = (1.0, 0.0, 0.0, 0.0)
                double3 xformOp:scale = (0.6, 0.4, 0.1)
                uniform token[] xformOpOrder = ["xformOp:translate", "xformOp:orient", "xformOp:scale"]
                color3f[] primvars:displayColor = [(0.20000000298023224, 0.20999999344348907, 0.23000000417232513)]
            }
            def Cube "body"
            {
                double size = 1.0
                float3[] extent = [(-0.5, -0.5, -0.5), (0.5, 0.5, 0.5)]
                double3 xformOp:translate = (1.65, 1.55, 0.9)
                quatd xformOp:orient = (1.0, 0.0, 0.0, 0.0)
                double3 xformOp:scale = (0.6, 0.4, 1.6)
                uniform token[] xformOpOrder = ["xformOp:translate", "xformOp:orient", "xformOp:scale"]
                color3f[] primvars:displayColor = [(0.5799999833106995, 0.5600000023841858, 0.49000000953674316)]
            }
            def Cube "plate"
            {
                double size = 1.0
                float3[] extent = [(-0.5, -0.5, -0.5), (0.5, 0.5, 0.5)]
                double3 xformOp:translate = (1.65, 1.7000000000000002, 0.9)
                quatd xformOp:orient = (1.0, 0.0, 0.0, 0.0)
                double3 xformOp:scale = (0.44999999999999996, 0.0023, 1.35)
                uniform token[] xformOpOrder = ["xformOp:translate", "xformOp:orient", "xformOp:scale"]
                color3f[] primvars:displayColor = [(0.41999998688697815, 0.4399999976158142, 0.4699999988079071)]
            }
            def Xform "trim"
            {
                def Cube "door0"
                {
                    double size = 1.0
                    float3[] extent = [(-0.5, -0.5, -0.5), (0.5, 0.5, 0.5)]
                    double3 xformOp:translate = (1.65, 1.348, 0.9)
                    quatd xformOp:orient = (1.0, 0.0, 0.0, 0.0)
                    double3 xformOp:scale = (0.58, 0.004, 1.58)
                    uniform token[] xformOpOrder = ["xformOp:translate", "xformOp:orient", "xformOp:scale"]
                    color3f[] primvars:displayColor = [(0.5799999833106995, 0.5600000023841858, 0.49000000953674316)]
                }
                def Cube "handle0"
                {
                    double size = 1.0
                    float3[] extent = [(-0.5, -0.5, -0.5), (0.5, 0.5, 0.5)]
                    double3 xformOp:translate = (1.89, 1.338, 0.9)
                    quatd xformOp:orient = (1.0, 0.0, 0.0, 0.0)
                    double3 xformOp:scale = (0.025, 0.016, 0.14)
                    uniform token[] xformOpOrder = ["xformOp:translate", "xformOp:orient", "xformOp:scale"]
                    color3f[] primvars:displayColor = [(0.20000000298023224, 0.20999999344348907, 0.23000000417232513)]
                }
            }
        }
        def Xform "stack_light"
        {
            def Cylinder "mast"
            {
                double radius = 0.018
                double height = 0.12
                float3[] extent = [(-0.017999999225139618, -0.017999999225139618, -0.05999999865889549), (0.017999999225139618, 0.017999999225139618, 0.05999999865889549)]
                double3 xformOp:translate = (1.45, 1.55, 1.76)
                quatd xformOp:orient = (1.0, 0.0, 0.0, 0.0)
                uniform token[] xformOpOrder = ["xformOp:translate", "xformOp:orient"]
                color3f[] primvars:displayColor = [(0.032999999821186066, 0.03799999877810478, 0.04699999839067459)]
            }
            def Cylinder "green"
            {
                double radius = 0.038
                double height = 0.07
                float3[] extent = [(-0.03799999877810478, -0.03799999877810478, -0.03500000014901161), (0.03799999877810478, 0.03799999877810478, 0.03500000014901161)]
                double3 xformOp:translate = (1.45, 1.55, 1.855)
                quatd xformOp:orient = (1.0, 0.0, 0.0, 0.0)
                uniform token[] xformOpOrder = ["xformOp:translate", "xformOp:orient"]
                color3f[] primvars:displayColor = [(0.023000000044703484, 0.3319999873638153, 0.061000000685453415)]
            }
            def Cylinder "amber"
            {
                double radius = 0.038
                double height = 0.07
                float3[] extent = [(-0.03799999877810478, -0.03799999877810478, -0.03500000014901161), (0.03799999877810478, 0.03799999877810478, 0.03500000014901161)]
                double3 xformOp:translate = (1.45, 1.55, 1.925)
                quatd xformOp:orient = (1.0, 0.0, 0.0, 0.0)
                uniform token[] xformOpOrder = ["xformOp:translate", "xformOp:orient"]
                color3f[] primvars:displayColor = [(0.6859999895095825, 0.3230000138282776, 0.004999999888241291)]
            }
            def Cylinder "red"
            {
                double radius = 0.038
                double height = 0.07
                float3[] extent = [(-0.03799999877810478, -0.03799999877810478, -0.03500000014901161), (0.03799999877810478, 0.03799999877810478, 0.03500000014901161)]
                double3 xformOp:translate = (1.45, 1.55, 1.995)
                quatd xformOp:orient = (1.0, 0.0, 0.0, 0.0)
                uniform token[] xformOpOrder = ["xformOp:translate", "xformOp:orient"]
                color3f[] primvars:displayColor = [(0.578000009059906, 0.017999999225139618, 0.012000000104308128)]
            }
        }
        def Xform "fence"
        {
            def Xform "east"
            {
                def Xform "trim"
                {
                    def Xform "c0"
                    {
                        def Cube "column"
                        {
                            double size = 1.0
                            float3[] extent = [(-0.5, -0.5, -0.5), (0.5, 0.5, 0.5)]
                            double3 xformOp:translate = (0.5, -2.0, 1.0)
                            quatd xformOp:orient = (1.0, 0.0, 0.0, 0.0)
                            double3 xformOp:scale = (0.06, 0.06, 2.0)
                            uniform token[] xformOpOrder = ["xformOp:translate", "xformOp:orient", "xformOp:scale"]
                            color3f[] primvars:displayColor = [(0.1599999964237213, 0.17000000178813934, 0.1899999976158142)]
                        }
                        def Cube "base"
                        {
                            double size = 1.0
                            float3[] extent = [(-0.5, -0.5, -0.5), (0.5, 0.5, 0.5)]
                            double3 xformOp:translate = (0.5, -2.0, 0.0075)
                            quatd xformOp:orient = (1.0, 0.0, 0.0, 0.0)
                            double3 xformOp:scale = (0.144, 0.144, 0.015)
                            uniform token[] xformOpOrder = ["xformOp:translate", "xformOp:orient", "xformOp:scale"]
                            color3f[] primvars:displayColor = [(0.20000000298023224, 0.20999999344348907, 0.23000000417232513)]
                        }
                    }
                    def Xform "c1"
                    {
                        def Cube "column"
                        {
                            double size = 1.0
                            float3[] extent = [(-0.5, -0.5, -0.5), (0.5, 0.5, 0.5)]
                            double3 xformOp:translate = (2.0, -2.0, 1.0)
                            quatd xformOp:orient = (1.0, 0.0, 0.0, 0.0)
                            double3 xformOp:scale = (0.06, 0.06, 2.0)
                            uniform token[] xformOpOrder = ["xformOp:translate", "xformOp:orient", "xformOp:scale"]
                            color3f[] primvars:displayColor = [(0.1599999964237213, 0.17000000178813934, 0.1899999976158142)]
                        }
                        def Cube "base"
                        {
                            double size = 1.0
                            float3[] extent = [(-0.5, -0.5, -0.5), (0.5, 0.5, 0.5)]
                            double3 xformOp:translate = (2.0, -2.0, 0.0075)
                            quatd xformOp:orient = (1.0, 0.0, 0.0, 0.0)
                            double3 xformOp:scale = (0.144, 0.144, 0.015)
                            uniform token[] xformOpOrder = ["xformOp:translate", "xformOp:orient", "xformOp:scale"]
                            color3f[] primvars:displayColor = [(0.20000000298023224, 0.20999999344348907, 0.23000000417232513)]
                        }
                    }
                    def Xform "c2"
                    {
                        def Cube "column"
                        {
                            double size = 1.0
                            float3[] extent = [(-0.5, -0.5, -0.5), (0.5, 0.5, 0.5)]
                            double3 xformOp:translate = (2.0, 2.0, 1.0)
                            quatd xformOp:orient = (1.0, 0.0, 0.0, 0.0)
                            double3 xformOp:scale = (0.06, 0.06, 2.0)
                            uniform token[] xformOpOrder = ["xformOp:translate", "xformOp:orient", "xformOp:scale"]
                            color3f[] primvars:displayColor = [(0.1599999964237213, 0.17000000178813934, 0.1899999976158142)]
                        }
                        def Cube "base"
                        {
                            double size = 1.0
                            float3[] extent = [(-0.5, -0.5, -0.5), (0.5, 0.5, 0.5)]
                            double3 xformOp:translate = (2.0, 2.0, 0.0075)
                            quatd xformOp:orient = (1.0, 0.0, 0.0, 0.0)
                            double3 xformOp:scale = (0.144, 0.144, 0.015)
                            uniform token[] xformOpOrder = ["xformOp:translate", "xformOp:orient", "xformOp:scale"]
                            color3f[] primvars:displayColor = [(0.20000000298023224, 0.20999999344348907, 0.23000000417232513)]
                        }
                    }
                    def Xform "c3"
                    {
                        def Cube "column"
                        {
                            double size = 1.0
                            float3[] extent = [(-0.5, -0.5, -0.5), (0.5, 0.5, 0.5)]
                            double3 xformOp:translate = (-2.0, 2.0, 1.0)
                            quatd xformOp:orient = (1.0, 0.0, 0.0, 0.0)
                            double3 xformOp:scale = (0.06, 0.06, 2.0)
                            uniform token[] xformOpOrder = ["xformOp:translate", "xformOp:orient", "xformOp:scale"]
                            color3f[] primvars:displayColor = [(0.1599999964237213, 0.17000000178813934, 0.1899999976158142)]
                        }
                        def Cube "base"
                        {
                            double size = 1.0
                            float3[] extent = [(-0.5, -0.5, -0.5), (0.5, 0.5, 0.5)]
                            double3 xformOp:translate = (-2.0, 2.0, 0.0075)
                            quatd xformOp:orient = (1.0, 0.0, 0.0, 0.0)
                            double3 xformOp:scale = (0.144, 0.144, 0.015)
                            uniform token[] xformOpOrder = ["xformOp:translate", "xformOp:orient", "xformOp:scale"]
                            color3f[] primvars:displayColor = [(0.20000000298023224, 0.20999999344348907, 0.23000000417232513)]
                        }
                    }
                    def Xform "c4"
                    {
                        def Cube "column"
                        {
                            double size = 1.0
                            float3[] extent = [(-0.5, -0.5, -0.5), (0.5, 0.5, 0.5)]
                            double3 xformOp:translate = (-2.0, 0.92, 1.0)
                            quatd xformOp:orient = (1.0, 0.0, 0.0, 0.0)
                            double3 xformOp:scale = (0.06, 0.06, 2.0)
                            uniform token[] xformOpOrder = ["xformOp:translate", "xformOp:orient", "xformOp:scale"]
                            color3f[] primvars:displayColor = [(0.1599999964237213, 0.17000000178813934, 0.1899999976158142)]
                        }
                        def Cube "base"
                        {
                            double size = 1.0
                            float3[] extent = [(-0.5, -0.5, -0.5), (0.5, 0.5, 0.5)]
                            double3 xformOp:translate = (-2.0, 0.92, 0.0075)
                            quatd xformOp:orient = (1.0, 0.0, 0.0, 0.0)
                            double3 xformOp:scale = (0.144, 0.144, 0.015)
                            uniform token[] xformOpOrder = ["xformOp:translate", "xformOp:orient", "xformOp:scale"]
                            color3f[] primvars:displayColor = [(0.20000000298023224, 0.20999999344348907, 0.23000000417232513)]
                        }
                    }
                    def Xform "e0_0"
                    {
                        def Cube "frame_t"
                        {
                            double size = 1.0
                            float3[] extent = [(-0.5, -0.5, -0.5), (0.5, 0.5, 0.5)]
                            double3 xformOp:translate = (0.93, -2.0, 1.985)
                            quatd xformOp:orient = (1.0, 0.0, 0.0, 0.0)
                            double3 xformOp:scale = (0.8, 0.03, 0.03)
                            uniform token[] xformOpOrder = ["xformOp:translate", "xformOp:orient", "xformOp:scale"]
                            color3f[] primvars:displayColor = [(0.3799999952316284, 0.4000000059604645, 0.41999998688697815)]
                        }
                        def Cube "frame_b"
                        {
                            double size = 1.0
                            float3[] extent = [(-0.5, -0.5, -0.5), (0.5, 0.5, 0.5)]
                            double3 xformOp:translate = (0.93, -2.0, 0.015)
                            quatd xformOp:orient = (1.0, 0.0, 0.0, 0.0)
                            double3 xformOp:scale = (0.8, 0.03, 0.03)
                            uniform token[] xformOpOrder = ["xformOp:translate", "xformOp:orient", "xformOp:scale"]
                            color3f[] primvars:displayColor = [(0.3799999952316284, 0.4000000059604645, 0.41999998688697815)]
                        }
                        def Cube "frame_l"
                        {
                            double size = 1.0
                            float3[] extent = [(-0.5, -0.5, -0.5), (0.5, 0.5, 0.5)]
                            double3 xformOp:translate = (0.545, -2.0, 1.0)
                            quatd xformOp:orient = (1.0, 0.0, 0.0, 0.0)
                            double3 xformOp:scale = (0.03, 0.03, 1.94)
                            uniform token[] xformOpOrder = ["xformOp:translate", "xformOp:orient", "xformOp:scale"]
                            color3f[] primvars:displayColor = [(0.3799999952316284, 0.4000000059604645, 0.41999998688697815)]
                        }
                        def Cube "frame_r"
                        {
                            double size = 1.0
                            float3[] extent = [(-0.5, -0.5, -0.5), (0.5, 0.5, 0.5)]
                            double3 xformOp:translate = (1.315, -2.0, 1.0)
                            quatd xformOp:orient = (1.0, 0.0, 0.0, 0.0)
                            double3 xformOp:scale = (0.03, 0.03, 1.94)
                            uniform token[] xformOpOrder = ["xformOp:translate", "xformOp:orient", "xformOp:scale"]
                            color3f[] primvars:displayColor = [(0.3799999952316284, 0.4000000059604645, 0.41999998688697815)]
                        }
                        def Cube "wire_v1"
                        {
                            double size = 1.0
                            float3[] extent = [(-0.5, -0.5, -0.5), (0.5, 0.5, 0.5)]
                            double3 xformOp:translate = (0.6833333333333333, -2.0, 1.0)
                            quatd xformOp:orient = (1.0, 0.0, 0.0, 0.0)
                            double3 xformOp:scale = (0.005, 0.005, 1.94)
                            uniform token[] xformOpOrder = ["xformOp:translate", "xformOp:orient", "xformOp:scale"]
                            color3f[] primvars:displayColor = [(0.550000011920929, 0.5799999833106995, 0.6000000238418579)]
                        }
                        def Cube "wire_v2"
                        {
                            double size = 1.0
                            float3[] extent = [(-0.5, -0.5, -0.5), (0.5, 0.5, 0.5)]
                            double3 xformOp:translate = (0.8066666666666668, -2.0, 1.0)
                            quatd xformOp:orient = (1.0, 0.0, 0.0, 0.0)
                            double3 xformOp:scale = (0.005, 0.005, 1.94)
                            uniform token[] xformOpOrder = ["xformOp:translate", "xformOp:orient", "xformOp:scale"]
                            color3f[] primvars:displayColor = [(0.550000011920929, 0.5799999833106995, 0.6000000238418579)]
                        }
                        def Cube "wire_v3"
                        {
                            double size = 1.0
                            float3[] extent = [(-0.5, -0.5, -0.5), (0.5, 0.5, 0.5)]
                            double3 xformOp:translate = (0.9299999999999999, -2.0, 1.0)
                            quatd xformOp:orient = (1.0, 0.0, 0.0, 0.0)
                            double3 xformOp:scale = (0.005, 0.005, 1.94)
                            uniform token[] xformOpOrder = ["xformOp:translate", "xformOp:orient", "xformOp:scale"]
                            color3f[] primvars:displayColor = [(0.550000011920929, 0.5799999833106995, 0.6000000238418579)]
                        }
                        def Cube "wire_v4"
                        {
                            double size = 1.0
                            float3[] extent = [(-0.5, -0.5, -0.5), (0.5, 0.5, 0.5)]
                            double3 xformOp:translate = (1.0533333333333335, -2.0, 1.0)
                            quatd xformOp:orient = (1.0, 0.0, 0.0, 0.0)
                            double3 xformOp:scale = (0.005, 0.005, 1.94)
                            uniform token[] xformOpOrder = ["xformOp:translate", "xformOp:orient", "xformOp:scale"]
                            color3f[] primvars:displayColor = [(0.550000011920929, 0.5799999833106995, 0.6000000238418579)]
                        }
                        def Cube "wire_v5"
                        {
                            double size = 1.0
                            float3[] extent = [(-0.5, -0.5, -0.5), (0.5, 0.5, 0.5)]
                            double3 xformOp:translate = (1.1766666666666667, -2.0, 1.0)
                            quatd xformOp:orient = (1.0, 0.0, 0.0, 0.0)
                            double3 xformOp:scale = (0.005, 0.005, 1.94)
                            uniform token[] xformOpOrder = ["xformOp:translate", "xformOp:orient", "xformOp:scale"]
                            color3f[] primvars:displayColor = [(0.550000011920929, 0.5799999833106995, 0.6000000238418579)]
                        }
                        def Cube "wire_h1"
                        {
                            double size = 1.0
                            float3[] extent = [(-0.5, -0.5, -0.5), (0.5, 0.5, 0.5)]
                            double3 xformOp:translate = (0.93, -2.0, 0.3533333333333333)
                            quatd xformOp:orient = (1.0, 0.0, 0.0, 0.0)
                            double3 xformOp:scale = (0.74, 0.005, 0.005)
                            uniform token[] xformOpOrder = ["xformOp:translate", "xformOp:orient", "xformOp:scale"]
                            color3f[] primvars:displayColor = [(0.550000011920929, 0.5799999833106995, 0.6000000238418579)]
                        }
                        def Cube "wire_h2"
                        {
                            double size = 1.0
                            float3[] extent = [(-0.5, -0.5, -0.5), (0.5, 0.5, 0.5)]
                            double3 xformOp:translate = (0.93, -2.0, 0.6766666666666666)
                            quatd xformOp:orient = (1.0, 0.0, 0.0, 0.0)
                            double3 xformOp:scale = (0.74, 0.005, 0.005)
                            uniform token[] xformOpOrder = ["xformOp:translate", "xformOp:orient", "xformOp:scale"]
                            color3f[] primvars:displayColor = [(0.550000011920929, 0.5799999833106995, 0.6000000238418579)]
                        }
                        def Cube "wire_h3"
                        {
                            double size = 1.0
                            float3[] extent = [(-0.5, -0.5, -0.5), (0.5, 0.5, 0.5)]
                            double3 xformOp:translate = (0.93, -2.0, 1.0)
                            quatd xformOp:orient = (1.0, 0.0, 0.0, 0.0)
                            double3 xformOp:scale = (0.74, 0.005, 0.005)
                            uniform token[] xformOpOrder = ["xformOp:translate", "xformOp:orient", "xformOp:scale"]
                            color3f[] primvars:displayColor = [(0.550000011920929, 0.5799999833106995, 0.6000000238418579)]
                        }
                        def Cube "wire_h4"
                        {
                            double size = 1.0
                            float3[] extent = [(-0.5, -0.5, -0.5), (0.5, 0.5, 0.5)]
                            double3 xformOp:translate = (0.93, -2.0, 1.3233333333333333)
                            quatd xformOp:orient = (1.0, 0.0, 0.0, 0.0)
                            double3 xformOp:scale = (0.74, 0.005, 0.005)
                            uniform token[] xformOpOrder = ["xformOp:translate", "xformOp:orient", "xformOp:scale"]
                            color3f[] primvars:displayColor = [(0.550000011920929, 0.5799999833106995, 0.6000000238418579)]
                        }
                        def Cube "wire_h5"
                        {
                            double size = 1.0
                            float3[] extent = [(-0.5, -0.5, -0.5), (0.5, 0.5, 0.5)]
                            double3 xformOp:translate = (0.93, -2.0, 1.6466666666666665)
                            quatd xformOp:orient = (1.0, 0.0, 0.0, 0.0)
                            double3 xformOp:scale = (0.74, 0.005, 0.005)
                            uniform token[] xformOpOrder = ["xformOp:translate", "xformOp:orient", "xformOp:scale"]
                            color3f[] primvars:displayColor = [(0.550000011920929, 0.5799999833106995, 0.6000000238418579)]
                        }
                    }
                    def Xform "p0_0"
                    {
                        def Cube "column"
                        {
                            double size = 1.0
                            float3[] extent = [(-0.5, -0.5, -0.5), (0.5, 0.5, 0.5)]
                            double3 xformOp:translate = (1.36, -2.0, 1.0)
                            quatd xformOp:orient = (1.0, 0.0, 0.0, 0.0)
                            double3 xformOp:scale = (0.06, 0.04, 2.0)
                            uniform token[] xformOpOrder = ["xformOp:translate", "xformOp:orient", "xformOp:scale"]
                            color3f[] primvars:displayColor = [(0.1599999964237213, 0.17000000178813934, 0.1899999976158142)]
                        }
                        def Cube "base"
                        {
                            double size = 1.0
                            float3[] extent = [(-0.5, -0.5, -0.5), (0.5, 0.5, 0.5)]
                            double3 xformOp:translate = (1.36, -2.0, 0.0075)
                            quatd xformOp:orient = (1.0, 0.0, 0.0, 0.0)
                            double3 xformOp:scale = (0.144, 0.144, 0.015)
                            uniform token[] xformOpOrder = ["xformOp:translate", "xformOp:orient", "xformOp:scale"]
                            color3f[] primvars:displayColor = [(0.20000000298023224, 0.20999999344348907, 0.23000000417232513)]
                        }
                    }
                    def Xform "e0_1"
                    {
                        def Cube "frame_t"
                        {
                            double size = 1.0
                            float3[] extent = [(-0.5, -0.5, -0.5), (0.5, 0.5, 0.5)]
                            double3 xformOp:translate = (1.54, -2.0, 1.985)
                            quatd xformOp:orient = (1.0, 0.0, 0.0, 0.0)
                            double3 xformOp:scale = (0.3, 0.03, 0.03)
                            uniform token[] xformOpOrder = ["xformOp:translate", "xformOp:orient", "xformOp:scale"]
                            color3f[] primvars:displayColor = [(0.3799999952316284, 0.4000000059604645, 0.41999998688697815)]
                        }
                        def Cube "frame_b"
                        {
                            double size = 1.0
                            float3[] extent = [(-0.5, -0.5, -0.5), (0.5, 0.5, 0.5)]
                            double3 xformOp:translate = (1.54, -2.0, 0.015)
                            quatd xformOp:orient = (1.0, 0.0, 0.0, 0.0)
                            double3 xformOp:scale = (0.3, 0.03, 0.03)
                            uniform token[] xformOpOrder = ["xformOp:translate", "xformOp:orient", "xformOp:scale"]
                            color3f[] primvars:displayColor = [(0.3799999952316284, 0.4000000059604645, 0.41999998688697815)]
                        }
                        def Cube "frame_l"
                        {
                            double size = 1.0
                            float3[] extent = [(-0.5, -0.5, -0.5), (0.5, 0.5, 0.5)]
                            double3 xformOp:translate = (1.405, -2.0, 1.0)
                            quatd xformOp:orient = (1.0, 0.0, 0.0, 0.0)
                            double3 xformOp:scale = (0.03, 0.03, 1.94)
                            uniform token[] xformOpOrder = ["xformOp:translate", "xformOp:orient", "xformOp:scale"]
                            color3f[] primvars:displayColor = [(0.3799999952316284, 0.4000000059604645, 0.41999998688697815)]
                        }
                        def Cube "frame_r"
                        {
                            double size = 1.0
                            float3[] extent = [(-0.5, -0.5, -0.5), (0.5, 0.5, 0.5)]
                            double3 xformOp:translate = (1.675, -2.0, 1.0)
                            quatd xformOp:orient = (1.0, 0.0, 0.0, 0.0)
                            double3 xformOp:scale = (0.03, 0.03, 1.94)
                            uniform token[] xformOpOrder = ["xformOp:translate", "xformOp:orient", "xformOp:scale"]
                            color3f[] primvars:displayColor = [(0.3799999952316284, 0.4000000059604645, 0.41999998688697815)]
                        }
                        def Cube "wire_v1"
                        {
                            double size = 1.0
                            float3[] extent = [(-0.5, -0.5, -0.5), (0.5, 0.5, 0.5)]
                            double3 xformOp:translate = (1.468, -2.0, 1.0)
                            quatd xformOp:orient = (1.0, 0.0, 0.0, 0.0)
                            double3 xformOp:scale = (0.005, 0.005, 1.94)
                            uniform token[] xformOpOrder = ["xformOp:translate", "xformOp:orient", "xformOp:scale"]
                            color3f[] primvars:displayColor = [(0.550000011920929, 0.5799999833106995, 0.6000000238418579)]
                        }
                        def Cube "wire_v2"
                        {
                            double size = 1.0
                            float3[] extent = [(-0.5, -0.5, -0.5), (0.5, 0.5, 0.5)]
                            double3 xformOp:translate = (1.516, -2.0, 1.0)
                            quatd xformOp:orient = (1.0, 0.0, 0.0, 0.0)
                            double3 xformOp:scale = (0.005, 0.005, 1.94)
                            uniform token[] xformOpOrder = ["xformOp:translate", "xformOp:orient", "xformOp:scale"]
                            color3f[] primvars:displayColor = [(0.550000011920929, 0.5799999833106995, 0.6000000238418579)]
                        }
                        def Cube "wire_v3"
                        {
                            double size = 1.0
                            float3[] extent = [(-0.5, -0.5, -0.5), (0.5, 0.5, 0.5)]
                            double3 xformOp:translate = (1.564, -2.0, 1.0)
                            quatd xformOp:orient = (1.0, 0.0, 0.0, 0.0)
                            double3 xformOp:scale = (0.005, 0.005, 1.94)
                            uniform token[] xformOpOrder = ["xformOp:translate", "xformOp:orient", "xformOp:scale"]
                            color3f[] primvars:displayColor = [(0.550000011920929, 0.5799999833106995, 0.6000000238418579)]
                        }
                        def Cube "wire_v4"
                        {
                            double size = 1.0
                            float3[] extent = [(-0.5, -0.5, -0.5), (0.5, 0.5, 0.5)]
                            double3 xformOp:translate = (1.612, -2.0, 1.0)
                            quatd xformOp:orient = (1.0, 0.0, 0.0, 0.0)
                            double3 xformOp:scale = (0.005, 0.005, 1.94)
                            uniform token[] xformOpOrder = ["xformOp:translate", "xformOp:orient", "xformOp:scale"]
                            color3f[] primvars:displayColor = [(0.550000011920929, 0.5799999833106995, 0.6000000238418579)]
                        }
                        def Cube "wire_h1"
                        {
                            double size = 1.0
                            float3[] extent = [(-0.5, -0.5, -0.5), (0.5, 0.5, 0.5)]
                            double3 xformOp:translate = (1.54, -2.0, 0.3533333333333333)
                            quatd xformOp:orient = (1.0, 0.0, 0.0, 0.0)
                            double3 xformOp:scale = (0.24, 0.005, 0.005)
                            uniform token[] xformOpOrder = ["xformOp:translate", "xformOp:orient", "xformOp:scale"]
                            color3f[] primvars:displayColor = [(0.550000011920929, 0.5799999833106995, 0.6000000238418579)]
                        }
                        def Cube "wire_h2"
                        {
                            double size = 1.0
                            float3[] extent = [(-0.5, -0.5, -0.5), (0.5, 0.5, 0.5)]
                            double3 xformOp:translate = (1.54, -2.0, 0.6766666666666666)
                            quatd xformOp:orient = (1.0, 0.0, 0.0, 0.0)
                            double3 xformOp:scale = (0.24, 0.005, 0.005)
                            uniform token[] xformOpOrder = ["xformOp:translate", "xformOp:orient", "xformOp:scale"]
                            color3f[] primvars:displayColor = [(0.550000011920929, 0.5799999833106995, 0.6000000238418579)]
                        }
                        def Cube "wire_h3"
                        {
                            double size = 1.0
                            float3[] extent = [(-0.5, -0.5, -0.5), (0.5, 0.5, 0.5)]
                            double3 xformOp:translate = (1.54, -2.0, 1.0)
                            quatd xformOp:orient = (1.0, 0.0, 0.0, 0.0)
                            double3 xformOp:scale = (0.24, 0.005, 0.005)
                            uniform token[] xformOpOrder = ["xformOp:translate", "xformOp:orient", "xformOp:scale"]
                            color3f[] primvars:displayColor = [(0.550000011920929, 0.5799999833106995, 0.6000000238418579)]
                        }
                        def Cube "wire_h4"
                        {
                            double size = 1.0
                            float3[] extent = [(-0.5, -0.5, -0.5), (0.5, 0.5, 0.5)]
                            double3 xformOp:translate = (1.54, -2.0, 1.3233333333333333)
                            quatd xformOp:orient = (1.0, 0.0, 0.0, 0.0)
                            double3 xformOp:scale = (0.24, 0.005, 0.005)
                            uniform token[] xformOpOrder = ["xformOp:translate", "xformOp:orient", "xformOp:scale"]
                            color3f[] primvars:displayColor = [(0.550000011920929, 0.5799999833106995, 0.6000000238418579)]
                        }
                        def Cube "wire_h5"
                        {
                            double size = 1.0
                            float3[] extent = [(-0.5, -0.5, -0.5), (0.5, 0.5, 0.5)]
                            double3 xformOp:translate = (1.54, -2.0, 1.6466666666666665)
                            quatd xformOp:orient = (1.0, 0.0, 0.0, 0.0)
                            double3 xformOp:scale = (0.24, 0.005, 0.005)
                            uniform token[] xformOpOrder = ["xformOp:translate", "xformOp:orient", "xformOp:scale"]
                            color3f[] primvars:displayColor = [(0.550000011920929, 0.5799999833106995, 0.6000000238418579)]
                        }
                    }
                    def Xform "p0_1"
                    {
                        def Cube "column"
                        {
                            double size = 1.0
                            float3[] extent = [(-0.5, -0.5, -0.5), (0.5, 0.5, 0.5)]
                            double3 xformOp:translate = (1.7200000000000002, -2.0, 1.0)
                            quatd xformOp:orient = (1.0, 0.0, 0.0, 0.0)
                            double3 xformOp:scale = (0.06, 0.04, 2.0)
                            uniform token[] xformOpOrder = ["xformOp:translate", "xformOp:orient", "xformOp:scale"]
                            color3f[] primvars:displayColor = [(0.1599999964237213, 0.17000000178813934, 0.1899999976158142)]
                        }
                        def Cube "base"
                        {
                            double size = 1.0
                            float3[] extent = [(-0.5, -0.5, -0.5), (0.5, 0.5, 0.5)]
                            double3 xformOp:translate = (1.7200000000000002, -2.0, 0.0075)
                            quatd xformOp:orient = (1.0, 0.0, 0.0, 0.0)
                            double3 xformOp:scale = (0.144, 0.144, 0.015)
                            uniform token[] xformOpOrder = ["xformOp:translate", "xformOp:orient", "xformOp:scale"]
                            color3f[] primvars:displayColor = [(0.20000000298023224, 0.20999999344348907, 0.23000000417232513)]
                        }
                    }
                    def Xform "e0_2"
                    {
                        def Cube "frame_t"
                        {
                            double size = 1.0
                            float3[] extent = [(-0.5, -0.5, -0.5), (0.5, 0.5, 0.5)]
                            double3 xformOp:translate = (1.8500000000000003, -2.0, 1.985)
                            quatd xformOp:orient = (1.0, 0.0, 0.0, 0.0)
                            double3 xformOp:scale = (0.2, 0.03, 0.03)
                            uniform token[] xformOpOrder = ["xformOp:translate", "xformOp:orient", "xformOp:scale"]
                            color3f[] primvars:displayColor = [(0.3799999952316284, 0.4000000059604645, 0.41999998688697815)]
                        }
                        def Cube "frame_b"
                        {
                            double size = 1.0
                            float3[] extent = [(-0.5, -0.5, -0.5), (0.5, 0.5, 0.5)]
                            double3 xformOp:translate = (1.8500000000000003, -2.0, 0.015)
                            quatd xformOp:orient = (1.0, 0.0, 0.0, 0.0)
                            double3 xformOp:scale = (0.2, 0.03, 0.03)
                            uniform token[] xformOpOrder = ["xformOp:translate", "xformOp:orient", "xformOp:scale"]
                            color3f[] primvars:displayColor = [(0.3799999952316284, 0.4000000059604645, 0.41999998688697815)]
                        }
                        def Cube "frame_l"
                        {
                            double size = 1.0
                            float3[] extent = [(-0.5, -0.5, -0.5), (0.5, 0.5, 0.5)]
                            double3 xformOp:translate = (1.7650000000000003, -2.0, 1.0)
                            quatd xformOp:orient = (1.0, 0.0, 0.0, 0.0)
                            double3 xformOp:scale = (0.03, 0.03, 1.94)
                            uniform token[] xformOpOrder = ["xformOp:translate", "xformOp:orient", "xformOp:scale"]
                            color3f[] primvars:displayColor = [(0.3799999952316284, 0.4000000059604645, 0.41999998688697815)]
                        }
                        def Cube "frame_r"
                        {
                            double size = 1.0
                            float3[] extent = [(-0.5, -0.5, -0.5), (0.5, 0.5, 0.5)]
                            double3 xformOp:translate = (1.9350000000000003, -2.0, 1.0)
                            quatd xformOp:orient = (1.0, 0.0, 0.0, 0.0)
                            double3 xformOp:scale = (0.03, 0.03, 1.94)
                            uniform token[] xformOpOrder = ["xformOp:translate", "xformOp:orient", "xformOp:scale"]
                            color3f[] primvars:displayColor = [(0.3799999952316284, 0.4000000059604645, 0.41999998688697815)]
                        }
                        def Cube "wire_v1"
                        {
                            double size = 1.0
                            float3[] extent = [(-0.5, -0.5, -0.5), (0.5, 0.5, 0.5)]
                            double3 xformOp:translate = (1.8266666666666669, -2.0, 1.0)
                            quatd xformOp:orient = (1.0, 0.0, 0.0, 0.0)
                            double3 xformOp:scale = (0.005, 0.005, 1.94)
                            uniform token[] xformOpOrder = ["xformOp:translate", "xformOp:orient", "xformOp:scale"]
                            color3f[] primvars:displayColor = [(0.550000011920929, 0.5799999833106995, 0.6000000238418579)]
                        }
                        def Cube "wire_v2"
                        {
                            double size = 1.0
                            float3[] extent = [(-0.5, -0.5, -0.5), (0.5, 0.5, 0.5)]
                            double3 xformOp:translate = (1.8733333333333337, -2.0, 1.0)
                            quatd xformOp:orient = (1.0, 0.0, 0.0, 0.0)
                            double3 xformOp:scale = (0.005, 0.005, 1.94)
                            uniform token[] xformOpOrder = ["xformOp:translate", "xformOp:orient", "xformOp:scale"]
                            color3f[] primvars:displayColor = [(0.550000011920929, 0.5799999833106995, 0.6000000238418579)]
                        }
                        def Cube "wire_h1"
                        {
                            double size = 1.0
                            float3[] extent = [(-0.5, -0.5, -0.5), (0.5, 0.5, 0.5)]
                            double3 xformOp:translate = (1.8500000000000003, -2.0, 0.3533333333333333)
                            quatd xformOp:orient = (1.0, 0.0, 0.0, 0.0)
                            double3 xformOp:scale = (0.14, 0.005, 0.005)
                            uniform token[] xformOpOrder = ["xformOp:translate", "xformOp:orient", "xformOp:scale"]
                            color3f[] primvars:displayColor = [(0.550000011920929, 0.5799999833106995, 0.6000000238418579)]
                        }
                        def Cube "wire_h2"
                        {
                            double size = 1.0
                            float3[] extent = [(-0.5, -0.5, -0.5), (0.5, 0.5, 0.5)]
                            double3 xformOp:translate = (1.8500000000000003, -2.0, 0.6766666666666666)
                            quatd xformOp:orient = (1.0, 0.0, 0.0, 0.0)
                            double3 xformOp:scale = (0.14, 0.005, 0.005)
                            uniform token[] xformOpOrder = ["xformOp:translate", "xformOp:orient", "xformOp:scale"]
                            color3f[] primvars:displayColor = [(0.550000011920929, 0.5799999833106995, 0.6000000238418579)]
                        }
                        def Cube "wire_h3"
                        {
                            double size = 1.0
                            float3[] extent = [(-0.5, -0.5, -0.5), (0.5, 0.5, 0.5)]
                            double3 xformOp:translate = (1.8500000000000003, -2.0, 1.0)
                            quatd xformOp:orient = (1.0, 0.0, 0.0, 0.0)
                            double3 xformOp:scale = (0.14, 0.005, 0.005)
                            uniform token[] xformOpOrder = ["xformOp:translate", "xformOp:orient", "xformOp:scale"]
                            color3f[] primvars:displayColor = [(0.550000011920929, 0.5799999833106995, 0.6000000238418579)]
                        }
                        def Cube "wire_h4"
                        {
                            double size = 1.0
                            float3[] extent = [(-0.5, -0.5, -0.5), (0.5, 0.5, 0.5)]
                            double3 xformOp:translate = (1.8500000000000003, -2.0, 1.3233333333333333)
                            quatd xformOp:orient = (1.0, 0.0, 0.0, 0.0)
                            double3 xformOp:scale = (0.14, 0.005, 0.005)
                            uniform token[] xformOpOrder = ["xformOp:translate", "xformOp:orient", "xformOp:scale"]
                            color3f[] primvars:displayColor = [(0.550000011920929, 0.5799999833106995, 0.6000000238418579)]
                        }
                        def Cube "wire_h5"
                        {
                            double size = 1.0
                            float3[] extent = [(-0.5, -0.5, -0.5), (0.5, 0.5, 0.5)]
                            double3 xformOp:translate = (1.8500000000000003, -2.0, 1.6466666666666665)
                            quatd xformOp:orient = (1.0, 0.0, 0.0, 0.0)
                            double3 xformOp:scale = (0.14, 0.005, 0.005)
                            uniform token[] xformOpOrder = ["xformOp:translate", "xformOp:orient", "xformOp:scale"]
                            color3f[] primvars:displayColor = [(0.550000011920929, 0.5799999833106995, 0.6000000238418579)]
                        }
                    }
                    def Xform "e1_0"
                    {
                        def Cube "frame_t"
                        {
                            double size = 1.0
                            float3[] extent = [(-0.5, -0.5, -0.5), (0.5, 0.5, 0.5)]
                            double3 xformOp:translate = (2.0, -1.22, 1.985)
                            quatd xformOp:orient = (0.7071067811865476, 0.0, 0.0, 0.7071067811865475)
                            double3 xformOp:scale = (1.5, 0.03, 0.03)
                            uniform token[] xformOpOrder = ["xformOp:translate", "xformOp:orient", "xformOp:scale"]
                            color3f[] primvars:displayColor = [(0.3799999952316284, 0.4000000059604645, 0.41999998688697815)]
                        }
                        def Cube "frame_b"
                        {
                            double size = 1.0
                            float3[] extent = [(-0.5, -0.5, -0.5), (0.5, 0.5, 0.5)]
                            double3 xformOp:translate = (2.0, -1.22, 0.015)
                            quatd xformOp:orient = (0.7071067811865476, 0.0, 0.0, 0.7071067811865475)
                            double3 xformOp:scale = (1.5, 0.03, 0.03)
                            uniform token[] xformOpOrder = ["xformOp:translate", "xformOp:orient", "xformOp:scale"]
                            color3f[] primvars:displayColor = [(0.3799999952316284, 0.4000000059604645, 0.41999998688697815)]
                        }
                        def Cube "frame_l"
                        {
                            double size = 1.0
                            float3[] extent = [(-0.5, -0.5, -0.5), (0.5, 0.5, 0.5)]
                            double3 xformOp:translate = (1.9999999999999998, -1.9549999999999998, 1.0)
                            quatd xformOp:orient = (0.7071067811865476, 0.0, 0.0, 0.7071067811865475)
                            double3 xformOp:scale = (0.03, 0.03, 1.94)
                            uniform token[] xformOpOrder = ["xformOp:translate", "xformOp:orient", "xformOp:scale"]
                            color3f[] primvars:displayColor = [(0.3799999952316284, 0.4000000059604645, 0.41999998688697815)]
                        }
                        def Cube "frame_r"
                        {
                            double size = 1.0
                            float3[] extent = [(-0.5, -0.5, -0.5), (0.5, 0.5, 0.5)]
                            double3 xformOp:translate = (2.0, -0.4850000000000001, 1.0)
                            quatd xformOp:orient = (0.7071067811865476, 0.0, 0.0, 0.7071067811865475)
                            double3 xformOp:scale = (0.03, 0.03, 1.94)
                            uniform token[] xformOpOrder = ["xformOp:translate", "xformOp:orient", "xformOp:scale"]
                            color3f[] primvars:displayColor = [(0.3799999952316284, 0.4000000059604645, 0.41999998688697815)]
                        }
                        def Cube "wire_v1"
                        {
                            double size = 1.0
                            float3[] extent = [(-0.5, -0.5, -0.5), (0.5, 0.5, 0.5)]
                            double3 xformOp:translate = (2.0, -1.7, 1.0)
                            quatd xformOp:orient = (0.7071067811865476, 0.0, 0.0, 0.7071067811865475)
                            double3 xformOp:scale = (0.005, 0.005, 1.94)
                            uniform token[] xformOpOrder = ["xformOp:translate", "xformOp:orient", "xformOp:scale"]
                            color3f[] primvars:displayColor = [(0.550000011920929, 0.5799999833106995, 0.6000000238418579)]
                        }
                        def Cube "wire_v2"
                        {
                            double size = 1.0
                            float3[] extent = [(-0.5, -0.5, -0.5), (0.5, 0.5, 0.5)]
                            double3 xformOp:translate = (2.0, -1.46, 1.0)
                            quatd xformOp:orient = (0.7071067811865476, 0.0, 0.0, 0.7071067811865475)
                            double3 xformOp:scale = (0.005, 0.005, 1.94)
                            uniform token[] xformOpOrder = ["xformOp:translate", "xformOp:orient", "xformOp:scale"]
                            color3f[] primvars:displayColor = [(0.550000011920929, 0.5799999833106995, 0.6000000238418579)]
                        }
                        def Cube "wire_v3"
                        {
                            double size = 1.0
                            float3[] extent = [(-0.5, -0.5, -0.5), (0.5, 0.5, 0.5)]
                            double3 xformOp:translate = (2.0, -1.2199999999999998, 1.0)
                            quatd xformOp:orient = (0.7071067811865476, 0.0, 0.0, 0.7071067811865475)
                            double3 xformOp:scale = (0.005, 0.005, 1.94)
                            uniform token[] xformOpOrder = ["xformOp:translate", "xformOp:orient", "xformOp:scale"]
                            color3f[] primvars:displayColor = [(0.550000011920929, 0.5799999833106995, 0.6000000238418579)]
                        }
                        def Cube "wire_v4"
                        {
                            double size = 1.0
                            float3[] extent = [(-0.5, -0.5, -0.5), (0.5, 0.5, 0.5)]
                            double3 xformOp:translate = (2.0, -0.98, 1.0)
                            quatd xformOp:orient = (0.7071067811865476, 0.0, 0.0, 0.7071067811865475)
                            double3 xformOp:scale = (0.005, 0.005, 1.94)
                            uniform token[] xformOpOrder = ["xformOp:translate", "xformOp:orient", "xformOp:scale"]
                            color3f[] primvars:displayColor = [(0.550000011920929, 0.5799999833106995, 0.6000000238418579)]
                        }
                        def Cube "wire_v5"
                        {
                            double size = 1.0
                            float3[] extent = [(-0.5, -0.5, -0.5), (0.5, 0.5, 0.5)]
                            double3 xformOp:translate = (2.0, -0.74, 1.0)
                            quatd xformOp:orient = (0.7071067811865476, 0.0, 0.0, 0.7071067811865475)
                            double3 xformOp:scale = (0.005, 0.005, 1.94)
                            uniform token[] xformOpOrder = ["xformOp:translate", "xformOp:orient", "xformOp:scale"]
                            color3f[] primvars:displayColor = [(0.550000011920929, 0.5799999833106995, 0.6000000238418579)]
                        }
                        def Cube "wire_h1"
                        {
                            double size = 1.0
                            float3[] extent = [(-0.5, -0.5, -0.5), (0.5, 0.5, 0.5)]
                            double3 xformOp:translate = (2.0, -1.22, 0.3533333333333333)
                            quatd xformOp:orient = (0.7071067811865476, 0.0, 0.0, 0.7071067811865475)
                            double3 xformOp:scale = (1.44, 0.005, 0.005)
                            uniform token[] xformOpOrder = ["xformOp:translate", "xformOp:orient", "xformOp:scale"]
                            color3f[] primvars:displayColor = [(0.550000011920929, 0.5799999833106995, 0.6000000238418579)]
                        }
                        def Cube "wire_h2"
                        {
                            double size = 1.0
                            float3[] extent = [(-0.5, -0.5, -0.5), (0.5, 0.5, 0.5)]
                            double3 xformOp:translate = (2.0, -1.22, 0.6766666666666666)
                            quatd xformOp:orient = (0.7071067811865476, 0.0, 0.0, 0.7071067811865475)
                            double3 xformOp:scale = (1.44, 0.005, 0.005)
                            uniform token[] xformOpOrder = ["xformOp:translate", "xformOp:orient", "xformOp:scale"]
                            color3f[] primvars:displayColor = [(0.550000011920929, 0.5799999833106995, 0.6000000238418579)]
                        }
                        def Cube "wire_h3"
                        {
                            double size = 1.0
                            float3[] extent = [(-0.5, -0.5, -0.5), (0.5, 0.5, 0.5)]
                            double3 xformOp:translate = (2.0, -1.22, 1.0)
                            quatd xformOp:orient = (0.7071067811865476, 0.0, 0.0, 0.7071067811865475)
                            double3 xformOp:scale = (1.44, 0.005, 0.005)
                            uniform token[] xformOpOrder = ["xformOp:translate", "xformOp:orient", "xformOp:scale"]
                            color3f[] primvars:displayColor = [(0.550000011920929, 0.5799999833106995, 0.6000000238418579)]
                        }
                        def Cube "wire_h4"
                        {
                            double size = 1.0
                            float3[] extent = [(-0.5, -0.5, -0.5), (0.5, 0.5, 0.5)]
                            double3 xformOp:translate = (2.0, -1.22, 1.3233333333333333)
                            quatd xformOp:orient = (0.7071067811865476, 0.0, 0.0, 0.7071067811865475)
                            double3 xformOp:scale = (1.44, 0.005, 0.005)
                            uniform token[] xformOpOrder = ["xformOp:translate", "xformOp:orient", "xformOp:scale"]
                            color3f[] primvars:displayColor = [(0.550000011920929, 0.5799999833106995, 0.6000000238418579)]
                        }
                        def Cube "wire_h5"
                        {
                            double size = 1.0
                            float3[] extent = [(-0.5, -0.5, -0.5), (0.5, 0.5, 0.5)]
                            double3 xformOp:translate = (2.0, -1.22, 1.6466666666666665)
                            quatd xformOp:orient = (0.7071067811865476, 0.0, 0.0, 0.7071067811865475)
                            double3 xformOp:scale = (1.44, 0.005, 0.005)
                            uniform token[] xformOpOrder = ["xformOp:translate", "xformOp:orient", "xformOp:scale"]
                            color3f[] primvars:displayColor = [(0.550000011920929, 0.5799999833106995, 0.6000000238418579)]
                        }
                    }
                    def Xform "p1_0"
                    {
                        def Cube "column"
                        {
                            double size = 1.0
                            float3[] extent = [(-0.5, -0.5, -0.5), (0.5, 0.5, 0.5)]
                            double3 xformOp:translate = (2.0, -0.43999999999999995, 1.0)
                            quatd xformOp:orient = (0.7071067811865476, 0.0, 0.0, 0.7071067811865475)
                            double3 xformOp:scale = (0.06, 0.04, 2.0)
                            uniform token[] xformOpOrder = ["xformOp:translate", "xformOp:orient", "xformOp:scale"]
                            color3f[] primvars:displayColor = [(0.1599999964237213, 0.17000000178813934, 0.1899999976158142)]
                        }
                        def Cube "base"
                        {
                            double size = 1.0
                            float3[] extent = [(-0.5, -0.5, -0.5), (0.5, 0.5, 0.5)]
                            double3 xformOp:translate = (2.0, -0.43999999999999995, 0.0075)
                            quatd xformOp:orient = (0.7071067811865476, 0.0, 0.0, 0.7071067811865475)
                            double3 xformOp:scale = (0.144, 0.144, 0.015)
                            uniform token[] xformOpOrder = ["xformOp:translate", "xformOp:orient", "xformOp:scale"]
                            color3f[] primvars:displayColor = [(0.20000000298023224, 0.20999999344348907, 0.23000000417232513)]
                        }
                    }
                    def Xform "e1_1"
                    {
                        def Cube "frame_t"
                        {
                            double size = 1.0
                            float3[] extent = [(-0.5, -0.5, -0.5), (0.5, 0.5, 0.5)]
                            double3 xformOp:translate = (2.0, 0.33999999999999986, 1.985)
                            quatd xformOp:orient = (0.7071067811865476, 0.0, 0.0, 0.7071067811865475)
                            double3 xformOp:scale = (1.5, 0.03, 0.03)
                            uniform token[] xformOpOrder = ["xformOp:translate", "xformOp:orient", "xformOp:scale"]
                            color3f[] primvars:displayColor = [(0.3799999952316284, 0.4000000059604645, 0.41999998688697815)]
                        }
                        def Cube "frame_b"
                        {
                            double size = 1.0
                            float3[] extent = [(-0.5, -0.5, -0.5), (0.5, 0.5, 0.5)]
                            double3 xformOp:translate = (2.0, 0.33999999999999986, 0.015)
                            quatd xformOp:orient = (0.7071067811865476, 0.0, 0.0, 0.7071067811865475)
                            double3 xformOp:scale = (1.5, 0.03, 0.03)
                            uniform token[] xformOpOrder = ["xformOp:translate", "xformOp:orient", "xformOp:scale"]
                            color3f[] primvars:displayColor = [(0.3799999952316284, 0.4000000059604645, 0.41999998688697815)]
                        }
                        def Cube "frame_l"
                        {
                            double size = 1.0
                            float3[] extent = [(-0.5, -0.5, -0.5), (0.5, 0.5, 0.5)]
                            double3 xformOp:translate = (1.9999999999999998, -0.395, 1.0)
                            quatd xformOp:orient = (0.7071067811865476, 0.0, 0.0, 0.7071067811865475)
                            double3 xformOp:scale = (0.03, 0.03, 1.94)
                            uniform token[] xformOpOrder = ["xformOp:translate", "xformOp:orient", "xformOp:scale"]
                            color3f[] primvars:displayColor = [(0.3799999952316284, 0.4000000059604645, 0.41999998688697815)]
                        }
                        def Cube "frame_r"
                        {
                            double size = 1.0
                            float3[] extent = [(-0.5, -0.5, -0.5), (0.5, 0.5, 0.5)]
                            double3 xformOp:translate = (2.0, 1.0749999999999997, 1.0)
                            quatd xformOp:orient = (0.7071067811865476, 0.0, 0.0, 0.7071067811865475)
                            double3 xformOp:scale = (0.03, 0.03, 1.94)
                            uniform token[] xformOpOrder = ["xformOp:translate", "xformOp:orient", "xformOp:scale"]
                            color3f[] primvars:displayColor = [(0.3799999952316284, 0.4000000059604645, 0.41999998688697815)]
                        }
                        def Cube "wire_v1"
                        {
                            double size = 1.0
                            float3[] extent = [(-0.5, -0.5, -0.5), (0.5, 0.5, 0.5)]
                            double3 xformOp:translate = (2.0, -0.14000000000000012, 1.0)
                            quatd xformOp:orient = (0.7071067811865476, 0.0, 0.0, 0.7071067811865475)
                            double3 xformOp:scale = (0.005, 0.005, 1.94)
                            uniform token[] xformOpOrder = ["xformOp:translate", "xformOp:orient", "xformOp:scale"]
                            color3f[] primvars:displayColor = [(0.550000011920929, 0.5799999833106995, 0.6000000238418579)]
                        }
                        def Cube "wire_v2"
                        {
                            double size = 1.0
                            float3[] extent = [(-0.5, -0.5, -0.5), (0.5, 0.5, 0.5)]
                            double3 xformOp:translate = (2.0, 0.09999999999999987, 1.0)
                            quatd xformOp:orient = (0.7071067811865476, 0.0, 0.0, 0.7071067811865475)
                            double3 xformOp:scale = (0.005, 0.005, 1.94)
                            uniform token[] xformOpOrder = ["xformOp:translate", "xformOp:orient", "xformOp:scale"]
                            color3f[] primvars:displayColor = [(0.550000011920929, 0.5799999833106995, 0.6000000238418579)]
                        }
                        def Cube "wire_v3"
                        {
                            double size = 1.0
                            float3[] extent = [(-0.5, -0.5, -0.5), (0.5, 0.5, 0.5)]
                            double3 xformOp:translate = (2.0, 0.33999999999999997, 1.0)
                            quatd xformOp:orient = (0.7071067811865476, 0.0, 0.0, 0.7071067811865475)
                            double3 xformOp:scale = (0.005, 0.005, 1.94)
                            uniform token[] xformOpOrder = ["xformOp:translate", "xformOp:orient", "xformOp:scale"]
                            color3f[] primvars:displayColor = [(0.550000011920929, 0.5799999833106995, 0.6000000238418579)]
                        }
                        def Cube "wire_v4"
                        {
                            double size = 1.0
                            float3[] extent = [(-0.5, -0.5, -0.5), (0.5, 0.5, 0.5)]
                            double3 xformOp:translate = (2.0, 0.5799999999999998, 1.0)
                            quatd xformOp:orient = (0.7071067811865476, 0.0, 0.0, 0.7071067811865475)
                            double3 xformOp:scale = (0.005, 0.005, 1.94)
                            uniform token[] xformOpOrder = ["xformOp:translate", "xformOp:orient", "xformOp:scale"]
                            color3f[] primvars:displayColor = [(0.550000011920929, 0.5799999833106995, 0.6000000238418579)]
                        }
                        def Cube "wire_v5"
                        {
                            double size = 1.0
                            float3[] extent = [(-0.5, -0.5, -0.5), (0.5, 0.5, 0.5)]
                            double3 xformOp:translate = (2.0, 0.8199999999999998, 1.0)
                            quatd xformOp:orient = (0.7071067811865476, 0.0, 0.0, 0.7071067811865475)
                            double3 xformOp:scale = (0.005, 0.005, 1.94)
                            uniform token[] xformOpOrder = ["xformOp:translate", "xformOp:orient", "xformOp:scale"]
                            color3f[] primvars:displayColor = [(0.550000011920929, 0.5799999833106995, 0.6000000238418579)]
                        }
                        def Cube "wire_h1"
                        {
                            double size = 1.0
                            float3[] extent = [(-0.5, -0.5, -0.5), (0.5, 0.5, 0.5)]
                            double3 xformOp:translate = (2.0, 0.33999999999999986, 0.3533333333333333)
                            quatd xformOp:orient = (0.7071067811865476, 0.0, 0.0, 0.7071067811865475)
                            double3 xformOp:scale = (1.44, 0.005, 0.005)
                            uniform token[] xformOpOrder = ["xformOp:translate", "xformOp:orient", "xformOp:scale"]
                            color3f[] primvars:displayColor = [(0.550000011920929, 0.5799999833106995, 0.6000000238418579)]
                        }
                        def Cube "wire_h2"
                        {
                            double size = 1.0
                            float3[] extent = [(-0.5, -0.5, -0.5), (0.5, 0.5, 0.5)]
                            double3 xformOp:translate = (2.0, 0.33999999999999986, 0.6766666666666666)
                            quatd xformOp:orient = (0.7071067811865476, 0.0, 0.0, 0.7071067811865475)
                            double3 xformOp:scale = (1.44, 0.005, 0.005)
                            uniform token[] xformOpOrder = ["xformOp:translate", "xformOp:orient", "xformOp:scale"]
                            color3f[] primvars:displayColor = [(0.550000011920929, 0.5799999833106995, 0.6000000238418579)]
                        }
                        def Cube "wire_h3"
                        {
                            double size = 1.0
                            float3[] extent = [(-0.5, -0.5, -0.5), (0.5, 0.5, 0.5)]
                            double3 xformOp:translate = (2.0, 0.33999999999999986, 1.0)
                            quatd xformOp:orient = (0.7071067811865476, 0.0, 0.0, 0.7071067811865475)
                            double3 xformOp:scale = (1.44, 0.005, 0.005)
                            uniform token[] xformOpOrder = ["xformOp:translate", "xformOp:orient", "xformOp:scale"]
                            color3f[] primvars:displayColor = [(0.550000011920929, 0.5799999833106995, 0.6000000238418579)]
                        }
                        def Cube "wire_h4"
                        {
                            double size = 1.0
                            float3[] extent = [(-0.5, -0.5, -0.5), (0.5, 0.5, 0.5)]
                            double3 xformOp:translate = (2.0, 0.33999999999999986, 1.3233333333333333)
                            quatd xformOp:orient = (0.7071067811865476, 0.0, 0.0, 0.7071067811865475)
                            double3 xformOp:scale = (1.44, 0.005, 0.005)
                            uniform token[] xformOpOrder = ["xformOp:translate", "xformOp:orient", "xformOp:scale"]
                            color3f[] primvars:displayColor = [(0.550000011920929, 0.5799999833106995, 0.6000000238418579)]
                        }
                        def Cube "wire_h5"
                        {
                            double size = 1.0
                            float3[] extent = [(-0.5, -0.5, -0.5), (0.5, 0.5, 0.5)]
                            double3 xformOp:translate = (2.0, 0.33999999999999986, 1.6466666666666665)
                            quatd xformOp:orient = (0.7071067811865476, 0.0, 0.0, 0.7071067811865475)
                            double3 xformOp:scale = (1.44, 0.005, 0.005)
                            uniform token[] xformOpOrder = ["xformOp:translate", "xformOp:orient", "xformOp:scale"]
                            color3f[] primvars:displayColor = [(0.550000011920929, 0.5799999833106995, 0.6000000238418579)]
                        }
                    }
                    def Xform "p1_1"
                    {
                        def Cube "column"
                        {
                            double size = 1.0
                            float3[] extent = [(-0.5, -0.5, -0.5), (0.5, 0.5, 0.5)]
                            double3 xformOp:translate = (2.0, 1.1199999999999997, 1.0)
                            quatd xformOp:orient = (0.7071067811865476, 0.0, 0.0, 0.7071067811865475)
                            double3 xformOp:scale = (0.06, 0.04, 2.0)
                            uniform token[] xformOpOrder = ["xformOp:translate", "xformOp:orient", "xformOp:scale"]
                            color3f[] primvars:displayColor = [(0.1599999964237213, 0.17000000178813934, 0.1899999976158142)]
                        }
                        def Cube "base"
                        {
                            double size = 1.0
                            float3[] extent = [(-0.5, -0.5, -0.5), (0.5, 0.5, 0.5)]
                            double3 xformOp:translate = (2.0, 1.1199999999999997, 0.0075)
                            quatd xformOp:orient = (0.7071067811865476, 0.0, 0.0, 0.7071067811865475)
                            double3 xformOp:scale = (0.144, 0.144, 0.015)
                            uniform token[] xformOpOrder = ["xformOp:translate", "xformOp:orient", "xformOp:scale"]
                            color3f[] primvars:displayColor = [(0.20000000298023224, 0.20999999344348907, 0.23000000417232513)]
                        }
                    }
                    def Xform "e1_2"
                    {
                        def Cube "frame_t"
                        {
                            double size = 1.0
                            float3[] extent = [(-0.5, -0.5, -0.5), (0.5, 0.5, 0.5)]
                            double3 xformOp:translate = (2.0, 1.5499999999999998, 1.985)
                            quatd xformOp:orient = (0.7071067811865476, 0.0, 0.0, 0.7071067811865475)
                            double3 xformOp:scale = (0.8, 0.03, 0.03)
                            uniform token[] xformOpOrder = ["xformOp:translate", "xformOp:orient", "xformOp:scale"]
                            color3f[] primvars:displayColor = [(0.3799999952316284, 0.4000000059604645, 0.41999998688697815)]
                        }
                        def Cube "frame_b"
                        {
                            double size = 1.0
                            float3[] extent = [(-0.5, -0.5, -0.5), (0.5, 0.5, 0.5)]
                            double3 xformOp:translate = (2.0, 1.5499999999999998, 0.015)
                            quatd xformOp:orient = (0.7071067811865476, 0.0, 0.0, 0.7071067811865475)
                            double3 xformOp:scale = (0.8, 0.03, 0.03)
                            uniform token[] xformOpOrder = ["xformOp:translate", "xformOp:orient", "xformOp:scale"]
                            color3f[] primvars:displayColor = [(0.3799999952316284, 0.4000000059604645, 0.41999998688697815)]
                        }
                        def Cube "frame_l"
                        {
                            double size = 1.0
                            float3[] extent = [(-0.5, -0.5, -0.5), (0.5, 0.5, 0.5)]
                            double3 xformOp:translate = (2.0, 1.1649999999999998, 1.0)
                            quatd xformOp:orient = (0.7071067811865476, 0.0, 0.0, 0.7071067811865475)
                            double3 xformOp:scale = (0.03, 0.03, 1.94)
                            uniform token[] xformOpOrder = ["xformOp:translate", "xformOp:orient", "xformOp:scale"]
                            color3f[] primvars:displayColor = [(0.3799999952316284, 0.4000000059604645, 0.41999998688697815)]
                        }
                        def Cube "frame_r"
                        {
                            double size = 1.0
                            float3[] extent = [(-0.5, -0.5, -0.5), (0.5, 0.5, 0.5)]
                            double3 xformOp:translate = (2.0, 1.9349999999999998, 1.0)
                            quatd xformOp:orient = (0.7071067811865476, 0.0, 0.0, 0.7071067811865475)
                            double3 xformOp:scale = (0.03, 0.03, 1.94)
                            uniform token[] xformOpOrder = ["xformOp:translate", "xformOp:orient", "xformOp:scale"]
                            color3f[] primvars:displayColor = [(0.3799999952316284, 0.4000000059604645, 0.41999998688697815)]
                        }
                        def Cube "wire_v1"
                        {
                            double size = 1.0
                            float3[] extent = [(-0.5, -0.5, -0.5), (0.5, 0.5, 0.5)]
                            double3 xformOp:translate = (2.0, 1.3033333333333332, 1.0)
                            quatd xformOp:orient = (0.7071067811865476, 0.0, 0.0, 0.7071067811865475)
                            double3 xformOp:scale = (0.005, 0.005, 1.94)
                            uniform token[] xformOpOrder = ["xformOp:translate", "xformOp:orient", "xformOp:scale"]
                            color3f[] primvars:displayColor = [(0.550000011920929, 0.5799999833106995, 0.6000000238418579)]
                        }
                        def Cube "wire_v2"
                        {
                            double size = 1.0
                            float3[] extent = [(-0.5, -0.5, -0.5), (0.5, 0.5, 0.5)]
                            double3 xformOp:translate = (2.0, 1.4266666666666665, 1.0)
                            quatd xformOp:orient = (0.7071067811865476, 0.0, 0.0, 0.7071067811865475)
                            double3 xformOp:scale = (0.005, 0.005, 1.94)
                            uniform token[] xformOpOrder = ["xformOp:translate", "xformOp:orient", "xformOp:scale"]
                            color3f[] primvars:displayColor = [(0.550000011920929, 0.5799999833106995, 0.6000000238418579)]
                        }
                        def Cube "wire_v3"
                        {
                            double size = 1.0
                            float3[] extent = [(-0.5, -0.5, -0.5), (0.5, 0.5, 0.5)]
                            double3 xformOp:translate = (2.0, 1.5499999999999998, 1.0)
                            quatd xformOp:orient = (0.7071067811865476, 0.0, 0.0, 0.7071067811865475)
                            double3 xformOp:scale = (0.005, 0.005, 1.94)
                            uniform token[] xformOpOrder = ["xformOp:translate", "xformOp:orient", "xformOp:scale"]
                            color3f[] primvars:displayColor = [(0.550000011920929, 0.5799999833106995, 0.6000000238418579)]
                        }
                        def Cube "wire_v4"
                        {
                            double size = 1.0
                            float3[] extent = [(-0.5, -0.5, -0.5), (0.5, 0.5, 0.5)]
                            double3 xformOp:translate = (2.0, 1.6733333333333331, 1.0)
                            quatd xformOp:orient = (0.7071067811865476, 0.0, 0.0, 0.7071067811865475)
                            double3 xformOp:scale = (0.005, 0.005, 1.94)
                            uniform token[] xformOpOrder = ["xformOp:translate", "xformOp:orient", "xformOp:scale"]
                            color3f[] primvars:displayColor = [(0.550000011920929, 0.5799999833106995, 0.6000000238418579)]
                        }
                        def Cube "wire_v5"
                        {
                            double size = 1.0
                            float3[] extent = [(-0.5, -0.5, -0.5), (0.5, 0.5, 0.5)]
                            double3 xformOp:translate = (2.0, 1.7966666666666664, 1.0)
                            quatd xformOp:orient = (0.7071067811865476, 0.0, 0.0, 0.7071067811865475)
                            double3 xformOp:scale = (0.005, 0.005, 1.94)
                            uniform token[] xformOpOrder = ["xformOp:translate", "xformOp:orient", "xformOp:scale"]
                            color3f[] primvars:displayColor = [(0.550000011920929, 0.5799999833106995, 0.6000000238418579)]
                        }
                        def Cube "wire_h1"
                        {
                            double size = 1.0
                            float3[] extent = [(-0.5, -0.5, -0.5), (0.5, 0.5, 0.5)]
                            double3 xformOp:translate = (2.0, 1.5499999999999998, 0.3533333333333333)
                            quatd xformOp:orient = (0.7071067811865476, 0.0, 0.0, 0.7071067811865475)
                            double3 xformOp:scale = (0.74, 0.005, 0.005)
                            uniform token[] xformOpOrder = ["xformOp:translate", "xformOp:orient", "xformOp:scale"]
                            color3f[] primvars:displayColor = [(0.550000011920929, 0.5799999833106995, 0.6000000238418579)]
                        }
                        def Cube "wire_h2"
                        {
                            double size = 1.0
                            float3[] extent = [(-0.5, -0.5, -0.5), (0.5, 0.5, 0.5)]
                            double3 xformOp:translate = (2.0, 1.5499999999999998, 0.6766666666666666)
                            quatd xformOp:orient = (0.7071067811865476, 0.0, 0.0, 0.7071067811865475)
                            double3 xformOp:scale = (0.74, 0.005, 0.005)
                            uniform token[] xformOpOrder = ["xformOp:translate", "xformOp:orient", "xformOp:scale"]
                            color3f[] primvars:displayColor = [(0.550000011920929, 0.5799999833106995, 0.6000000238418579)]
                        }
                        def Cube "wire_h3"
                        {
                            double size = 1.0
                            float3[] extent = [(-0.5, -0.5, -0.5), (0.5, 0.5, 0.5)]
                            double3 xformOp:translate = (2.0, 1.5499999999999998, 1.0)
                            quatd xformOp:orient = (0.7071067811865476, 0.0, 0.0, 0.7071067811865475)
                            double3 xformOp:scale = (0.74, 0.005, 0.005)
                            uniform token[] xformOpOrder = ["xformOp:translate", "xformOp:orient", "xformOp:scale"]
                            color3f[] primvars:displayColor = [(0.550000011920929, 0.5799999833106995, 0.6000000238418579)]
                        }
                        def Cube "wire_h4"
                        {
                            double size = 1.0
                            float3[] extent = [(-0.5, -0.5, -0.5), (0.5, 0.5, 0.5)]
                            double3 xformOp:translate = (2.0, 1.5499999999999998, 1.3233333333333333)
                            quatd xformOp:orient = (0.7071067811865476, 0.0, 0.0, 0.7071067811865475)
                            double3 xformOp:scale = (0.74, 0.005, 0.005)
                            uniform token[] xformOpOrder = ["xformOp:translate", "xformOp:orient", "xformOp:scale"]
                            color3f[] primvars:displayColor = [(0.550000011920929, 0.5799999833106995, 0.6000000238418579)]
                        }
                        def Cube "wire_h5"
                        {
                            double size = 1.0
                            float3[] extent = [(-0.5, -0.5, -0.5), (0.5, 0.5, 0.5)]
                            double3 xformOp:translate = (2.0, 1.5499999999999998, 1.6466666666666665)
                            quatd xformOp:orient = (0.7071067811865476, 0.0, 0.0, 0.7071067811865475)
                            double3 xformOp:scale = (0.74, 0.005, 0.005)
                            uniform token[] xformOpOrder = ["xformOp:translate", "xformOp:orient", "xformOp:scale"]
                            color3f[] primvars:displayColor = [(0.550000011920929, 0.5799999833106995, 0.6000000238418579)]
                        }
                    }
                    def Xform "e2_0"
                    {
                        def Cube "frame_t"
                        {
                            double size = 1.0
                            float3[] extent = [(-0.5, -0.5, -0.5), (0.5, 0.5, 0.5)]
                            double3 xformOp:translate = (1.22, 2.0, 1.985)
                            quatd xformOp:orient = (0.00000000000000006123233995736766, 0.0, 0.0, 1.0)
                            double3 xformOp:scale = (1.5, 0.03, 0.03)
                            uniform token[] xformOpOrder = ["xformOp:translate", "xformOp:orient", "xformOp:scale"]
                            color3f[] primvars:displayColor = [(0.3799999952316284, 0.4000000059604645, 0.41999998688697815)]
                        }
                        def Cube "frame_b"
                        {
                            double size = 1.0
                            float3[] extent = [(-0.5, -0.5, -0.5), (0.5, 0.5, 0.5)]
                            double3 xformOp:translate = (1.22, 2.0, 0.015)
                            quatd xformOp:orient = (0.00000000000000006123233995736766, 0.0, 0.0, 1.0)
                            double3 xformOp:scale = (1.5, 0.03, 0.03)
                            uniform token[] xformOpOrder = ["xformOp:translate", "xformOp:orient", "xformOp:scale"]
                            color3f[] primvars:displayColor = [(0.3799999952316284, 0.4000000059604645, 0.41999998688697815)]
                        }
                        def Cube "frame_l"
                        {
                            double size = 1.0
                            float3[] extent = [(-0.5, -0.5, -0.5), (0.5, 0.5, 0.5)]
                            double3 xformOp:translate = (1.955, 2.0, 1.0)
                            quatd xformOp:orient = (0.00000000000000006123233995736766, 0.0, 0.0, 1.0)
                            double3 xformOp:scale = (0.03, 0.03, 1.94)
                            uniform token[] xformOpOrder = ["xformOp:translate", "xformOp:orient", "xformOp:scale"]
                            color3f[] primvars:displayColor = [(0.3799999952316284, 0.4000000059604645, 0.41999998688697815)]
                        }
                        def Cube "frame_r"
                        {
                            double size = 1.0
                            float3[] extent = [(-0.5, -0.5, -0.5), (0.5, 0.5, 0.5)]
                            double3 xformOp:translate = (0.485, 2.0, 1.0)
                            quatd xformOp:orient = (0.00000000000000006123233995736766, 0.0, 0.0, 1.0)
                            double3 xformOp:scale = (0.03, 0.03, 1.94)
                            uniform token[] xformOpOrder = ["xformOp:translate", "xformOp:orient", "xformOp:scale"]
                            color3f[] primvars:displayColor = [(0.3799999952316284, 0.4000000059604645, 0.41999998688697815)]
                        }
                        def Cube "wire_v1"
                        {
                            double size = 1.0
                            float3[] extent = [(-0.5, -0.5, -0.5), (0.5, 0.5, 0.5)]
                            double3 xformOp:translate = (1.7, 2.0, 1.0)
                            quatd xformOp:orient = (0.00000000000000006123233995736766, 0.0, 0.0, 1.0)
                            double3 xformOp:scale = (0.005, 0.005, 1.94)
                            uniform token[] xformOpOrder = ["xformOp:translate", "xformOp:orient", "xformOp:scale"]
                            color3f[] primvars:displayColor = [(0.550000011920929, 0.5799999833106995, 0.6000000238418579)]
                        }
                        def Cube "wire_v2"
                        {
                            double size = 1.0
                            float3[] extent = [(-0.5, -0.5, -0.5), (0.5, 0.5, 0.5)]
                            double3 xformOp:translate = (1.46, 2.0, 1.0)
                            quatd xformOp:orient = (0.00000000000000006123233995736766, 0.0, 0.0, 1.0)
                            double3 xformOp:scale = (0.005, 0.005, 1.94)
                            uniform token[] xformOpOrder = ["xformOp:translate", "xformOp:orient", "xformOp:scale"]
                            color3f[] primvars:displayColor = [(0.550000011920929, 0.5799999833106995, 0.6000000238418579)]
                        }
                        def Cube "wire_v3"
                        {
                            double size = 1.0
                            float3[] extent = [(-0.5, -0.5, -0.5), (0.5, 0.5, 0.5)]
                            double3 xformOp:translate = (1.2199999999999998, 2.0, 1.0)
                            quatd xformOp:orient = (0.00000000000000006123233995736766, 0.0, 0.0, 1.0)
                            double3 xformOp:scale = (0.005, 0.005, 1.94)
                            uniform token[] xformOpOrder = ["xformOp:translate", "xformOp:orient", "xformOp:scale"]
                            color3f[] primvars:displayColor = [(0.550000011920929, 0.5799999833106995, 0.6000000238418579)]
                        }
                        def Cube "wire_v4"
                        {
                            double size = 1.0
                            float3[] extent = [(-0.5, -0.5, -0.5), (0.5, 0.5, 0.5)]
                            double3 xformOp:translate = (0.98, 2.0, 1.0)
                            quatd xformOp:orient = (0.00000000000000006123233995736766, 0.0, 0.0, 1.0)
                            double3 xformOp:scale = (0.005, 0.005, 1.94)
                            uniform token[] xformOpOrder = ["xformOp:translate", "xformOp:orient", "xformOp:scale"]
                            color3f[] primvars:displayColor = [(0.550000011920929, 0.5799999833106995, 0.6000000238418579)]
                        }
                        def Cube "wire_v5"
                        {
                            double size = 1.0
                            float3[] extent = [(-0.5, -0.5, -0.5), (0.5, 0.5, 0.5)]
                            double3 xformOp:translate = (0.74, 2.0, 1.0)
                            quatd xformOp:orient = (0.00000000000000006123233995736766, 0.0, 0.0, 1.0)
                            double3 xformOp:scale = (0.005, 0.005, 1.94)
                            uniform token[] xformOpOrder = ["xformOp:translate", "xformOp:orient", "xformOp:scale"]
                            color3f[] primvars:displayColor = [(0.550000011920929, 0.5799999833106995, 0.6000000238418579)]
                        }
                        def Cube "wire_h1"
                        {
                            double size = 1.0
                            float3[] extent = [(-0.5, -0.5, -0.5), (0.5, 0.5, 0.5)]
                            double3 xformOp:translate = (1.22, 2.0, 0.3533333333333333)
                            quatd xformOp:orient = (0.00000000000000006123233995736766, 0.0, 0.0, 1.0)
                            double3 xformOp:scale = (1.44, 0.005, 0.005)
                            uniform token[] xformOpOrder = ["xformOp:translate", "xformOp:orient", "xformOp:scale"]
                            color3f[] primvars:displayColor = [(0.550000011920929, 0.5799999833106995, 0.6000000238418579)]
                        }
                        def Cube "wire_h2"
                        {
                            double size = 1.0
                            float3[] extent = [(-0.5, -0.5, -0.5), (0.5, 0.5, 0.5)]
                            double3 xformOp:translate = (1.22, 2.0, 0.6766666666666666)
                            quatd xformOp:orient = (0.00000000000000006123233995736766, 0.0, 0.0, 1.0)
                            double3 xformOp:scale = (1.44, 0.005, 0.005)
                            uniform token[] xformOpOrder = ["xformOp:translate", "xformOp:orient", "xformOp:scale"]
                            color3f[] primvars:displayColor = [(0.550000011920929, 0.5799999833106995, 0.6000000238418579)]
                        }
                        def Cube "wire_h3"
                        {
                            double size = 1.0
                            float3[] extent = [(-0.5, -0.5, -0.5), (0.5, 0.5, 0.5)]
                            double3 xformOp:translate = (1.22, 2.0, 1.0)
                            quatd xformOp:orient = (0.00000000000000006123233995736766, 0.0, 0.0, 1.0)
                            double3 xformOp:scale = (1.44, 0.005, 0.005)
                            uniform token[] xformOpOrder = ["xformOp:translate", "xformOp:orient", "xformOp:scale"]
                            color3f[] primvars:displayColor = [(0.550000011920929, 0.5799999833106995, 0.6000000238418579)]
                        }
                        def Cube "wire_h4"
                        {
                            double size = 1.0
                            float3[] extent = [(-0.5, -0.5, -0.5), (0.5, 0.5, 0.5)]
                            double3 xformOp:translate = (1.22, 2.0, 1.3233333333333333)
                            quatd xformOp:orient = (0.00000000000000006123233995736766, 0.0, 0.0, 1.0)
                            double3 xformOp:scale = (1.44, 0.005, 0.005)
                            uniform token[] xformOpOrder = ["xformOp:translate", "xformOp:orient", "xformOp:scale"]
                            color3f[] primvars:displayColor = [(0.550000011920929, 0.5799999833106995, 0.6000000238418579)]
                        }
                        def Cube "wire_h5"
                        {
                            double size = 1.0
                            float3[] extent = [(-0.5, -0.5, -0.5), (0.5, 0.5, 0.5)]
                            double3 xformOp:translate = (1.22, 2.0, 1.6466666666666665)
                            quatd xformOp:orient = (0.00000000000000006123233995736766, 0.0, 0.0, 1.0)
                            double3 xformOp:scale = (1.44, 0.005, 0.005)
                            uniform token[] xformOpOrder = ["xformOp:translate", "xformOp:orient", "xformOp:scale"]
                            color3f[] primvars:displayColor = [(0.550000011920929, 0.5799999833106995, 0.6000000238418579)]
                        }
                    }
                    def Xform "p2_0"
                    {
                        def Cube "column"
                        {
                            double size = 1.0
                            float3[] extent = [(-0.5, -0.5, -0.5), (0.5, 0.5, 0.5)]
                            double3 xformOp:translate = (0.43999999999999995, 2.0, 1.0)
                            quatd xformOp:orient = (0.00000000000000006123233995736766, 0.0, 0.0, 1.0)
                            double3 xformOp:scale = (0.06, 0.04, 2.0)
                            uniform token[] xformOpOrder = ["xformOp:translate", "xformOp:orient", "xformOp:scale"]
                            color3f[] primvars:displayColor = [(0.1599999964237213, 0.17000000178813934, 0.1899999976158142)]
                        }
                        def Cube "base"
                        {
                            double size = 1.0
                            float3[] extent = [(-0.5, -0.5, -0.5), (0.5, 0.5, 0.5)]
                            double3 xformOp:translate = (0.43999999999999995, 2.0, 0.0075)
                            quatd xformOp:orient = (0.00000000000000006123233995736766, 0.0, 0.0, 1.0)
                            double3 xformOp:scale = (0.144, 0.144, 0.015)
                            uniform token[] xformOpOrder = ["xformOp:translate", "xformOp:orient", "xformOp:scale"]
                            color3f[] primvars:displayColor = [(0.20000000298023224, 0.20999999344348907, 0.23000000417232513)]
                        }
                    }
                    def Xform "e2_1"
                    {
                        def Cube "frame_t"
                        {
                            double size = 1.0
                            float3[] extent = [(-0.5, -0.5, -0.5), (0.5, 0.5, 0.5)]
                            double3 xformOp:translate = (-0.33999999999999986, 2.0, 1.985)
                            quatd xformOp:orient = (0.00000000000000006123233995736766, 0.0, 0.0, 1.0)
                            double3 xformOp:scale = (1.5, 0.03, 0.03)
                            uniform token[] xformOpOrder = ["xformOp:translate", "xformOp:orient", "xformOp:scale"]
                            color3f[] primvars:displayColor = [(0.3799999952316284, 0.4000000059604645, 0.41999998688697815)]
                        }
                        def Cube "frame_b"
                        {
                            double size = 1.0
                            float3[] extent = [(-0.5, -0.5, -0.5), (0.5, 0.5, 0.5)]
                            double3 xformOp:translate = (-0.33999999999999986, 2.0, 0.015)
                            quatd xformOp:orient = (0.00000000000000006123233995736766, 0.0, 0.0, 1.0)
                            double3 xformOp:scale = (1.5, 0.03, 0.03)
                            uniform token[] xformOpOrder = ["xformOp:translate", "xformOp:orient", "xformOp:scale"]
                            color3f[] primvars:displayColor = [(0.3799999952316284, 0.4000000059604645, 0.41999998688697815)]
                        }
                        def Cube "frame_l"
                        {
                            double size = 1.0
                            float3[] extent = [(-0.5, -0.5, -0.5), (0.5, 0.5, 0.5)]
                            double3 xformOp:translate = (0.39500000000000013, 2.0, 1.0)
                            quatd xformOp:orient = (0.00000000000000006123233995736766, 0.0, 0.0, 1.0)
                            double3 xformOp:scale = (0.03, 0.03, 1.94)
                            uniform token[] xformOpOrder = ["xformOp:translate", "xformOp:orient", "xformOp:scale"]
                            color3f[] primvars:displayColor = [(0.3799999952316284, 0.4000000059604645, 0.41999998688697815)]
                        }
                        def Cube "frame_r"
                        {
                            double size = 1.0
                            float3[] extent = [(-0.5, -0.5, -0.5), (0.5, 0.5, 0.5)]
                            double3 xformOp:translate = (-1.0749999999999997, 2.0, 1.0)
                            quatd xformOp:orient = (0.00000000000000006123233995736766, 0.0, 0.0, 1.0)
                            double3 xformOp:scale = (0.03, 0.03, 1.94)
                            uniform token[] xformOpOrder = ["xformOp:translate", "xformOp:orient", "xformOp:scale"]
                            color3f[] primvars:displayColor = [(0.3799999952316284, 0.4000000059604645, 0.41999998688697815)]
                        }
                        def Cube "wire_v1"
                        {
                            double size = 1.0
                            float3[] extent = [(-0.5, -0.5, -0.5), (0.5, 0.5, 0.5)]
                            double3 xformOp:translate = (0.14000000000000012, 2.0, 1.0)
                            quatd xformOp:orient = (0.00000000000000006123233995736766, 0.0, 0.0, 1.0)
                            double3 xformOp:scale = (0.005, 0.005, 1.94)
                            uniform token[] xformOpOrder = ["xformOp:translate", "xformOp:orient", "xformOp:scale"]
                            color3f[] primvars:displayColor = [(0.550000011920929, 0.5799999833106995, 0.6000000238418579)]
                        }
                        def Cube "wire_v2"
                        {
                            double size = 1.0
                            float3[] extent = [(-0.5, -0.5, -0.5), (0.5, 0.5, 0.5)]
                            double3 xformOp:translate = (-0.09999999999999987, 2.0, 1.0)
                            quatd xformOp:orient = (0.00000000000000006123233995736766, 0.0, 0.0, 1.0)
                            double3 xformOp:scale = (0.005, 0.005, 1.94)
                            uniform token[] xformOpOrder = ["xformOp:translate", "xformOp:orient", "xformOp:scale"]
                            color3f[] primvars:displayColor = [(0.550000011920929, 0.5799999833106995, 0.6000000238418579)]
                        }
                        def Cube "wire_v3"
                        {
                            double size = 1.0
                            float3[] extent = [(-0.5, -0.5, -0.5), (0.5, 0.5, 0.5)]
                            double3 xformOp:translate = (-0.33999999999999997, 2.0, 1.0)
                            quatd xformOp:orient = (0.00000000000000006123233995736766, 0.0, 0.0, 1.0)
                            double3 xformOp:scale = (0.005, 0.005, 1.94)
                            uniform token[] xformOpOrder = ["xformOp:translate", "xformOp:orient", "xformOp:scale"]
                            color3f[] primvars:displayColor = [(0.550000011920929, 0.5799999833106995, 0.6000000238418579)]
                        }
                        def Cube "wire_v4"
                        {
                            double size = 1.0
                            float3[] extent = [(-0.5, -0.5, -0.5), (0.5, 0.5, 0.5)]
                            double3 xformOp:translate = (-0.5799999999999998, 2.0, 1.0)
                            quatd xformOp:orient = (0.00000000000000006123233995736766, 0.0, 0.0, 1.0)
                            double3 xformOp:scale = (0.005, 0.005, 1.94)
                            uniform token[] xformOpOrder = ["xformOp:translate", "xformOp:orient", "xformOp:scale"]
                            color3f[] primvars:displayColor = [(0.550000011920929, 0.5799999833106995, 0.6000000238418579)]
                        }
                        def Cube "wire_v5"
                        {
                            double size = 1.0
                            float3[] extent = [(-0.5, -0.5, -0.5), (0.5, 0.5, 0.5)]
                            double3 xformOp:translate = (-0.8199999999999998, 2.0, 1.0)
                            quatd xformOp:orient = (0.00000000000000006123233995736766, 0.0, 0.0, 1.0)
                            double3 xformOp:scale = (0.005, 0.005, 1.94)
                            uniform token[] xformOpOrder = ["xformOp:translate", "xformOp:orient", "xformOp:scale"]
                            color3f[] primvars:displayColor = [(0.550000011920929, 0.5799999833106995, 0.6000000238418579)]
                        }
                        def Cube "wire_h1"
                        {
                            double size = 1.0
                            float3[] extent = [(-0.5, -0.5, -0.5), (0.5, 0.5, 0.5)]
                            double3 xformOp:translate = (-0.33999999999999986, 2.0, 0.3533333333333333)
                            quatd xformOp:orient = (0.00000000000000006123233995736766, 0.0, 0.0, 1.0)
                            double3 xformOp:scale = (1.44, 0.005, 0.005)
                            uniform token[] xformOpOrder = ["xformOp:translate", "xformOp:orient", "xformOp:scale"]
                            color3f[] primvars:displayColor = [(0.550000011920929, 0.5799999833106995, 0.6000000238418579)]
                        }
                        def Cube "wire_h2"
                        {
                            double size = 1.0
                            float3[] extent = [(-0.5, -0.5, -0.5), (0.5, 0.5, 0.5)]
                            double3 xformOp:translate = (-0.33999999999999986, 2.0, 0.6766666666666666)
                            quatd xformOp:orient = (0.00000000000000006123233995736766, 0.0, 0.0, 1.0)
                            double3 xformOp:scale = (1.44, 0.005, 0.005)
                            uniform token[] xformOpOrder = ["xformOp:translate", "xformOp:orient", "xformOp:scale"]
                            color3f[] primvars:displayColor = [(0.550000011920929, 0.5799999833106995, 0.6000000238418579)]
                        }
                        def Cube "wire_h3"
                        {
                            double size = 1.0
                            float3[] extent = [(-0.5, -0.5, -0.5), (0.5, 0.5, 0.5)]
                            double3 xformOp:translate = (-0.33999999999999986, 2.0, 1.0)
                            quatd xformOp:orient = (0.00000000000000006123233995736766, 0.0, 0.0, 1.0)
                            double3 xformOp:scale = (1.44, 0.005, 0.005)
                            uniform token[] xformOpOrder = ["xformOp:translate", "xformOp:orient", "xformOp:scale"]
                            color3f[] primvars:displayColor = [(0.550000011920929, 0.5799999833106995, 0.6000000238418579)]
                        }
                        def Cube "wire_h4"
                        {
                            double size = 1.0
                            float3[] extent = [(-0.5, -0.5, -0.5), (0.5, 0.5, 0.5)]
                            double3 xformOp:translate = (-0.33999999999999986, 2.0, 1.3233333333333333)
                            quatd xformOp:orient = (0.00000000000000006123233995736766, 0.0, 0.0, 1.0)
                            double3 xformOp:scale = (1.44, 0.005, 0.005)
                            uniform token[] xformOpOrder = ["xformOp:translate", "xformOp:orient", "xformOp:scale"]
                            color3f[] primvars:displayColor = [(0.550000011920929, 0.5799999833106995, 0.6000000238418579)]
                        }
                        def Cube "wire_h5"
                        {
                            double size = 1.0
                            float3[] extent = [(-0.5, -0.5, -0.5), (0.5, 0.5, 0.5)]
                            double3 xformOp:translate = (-0.33999999999999986, 2.0, 1.6466666666666665)
                            quatd xformOp:orient = (0.00000000000000006123233995736766, 0.0, 0.0, 1.0)
                            double3 xformOp:scale = (1.44, 0.005, 0.005)
                            uniform token[] xformOpOrder = ["xformOp:translate", "xformOp:orient", "xformOp:scale"]
                            color3f[] primvars:displayColor = [(0.550000011920929, 0.5799999833106995, 0.6000000238418579)]
                        }
                    }
                    def Xform "p2_1"
                    {
                        def Cube "column"
                        {
                            double size = 1.0
                            float3[] extent = [(-0.5, -0.5, -0.5), (0.5, 0.5, 0.5)]
                            double3 xformOp:translate = (-1.1199999999999997, 2.0, 1.0)
                            quatd xformOp:orient = (0.00000000000000006123233995736766, 0.0, 0.0, 1.0)
                            double3 xformOp:scale = (0.06, 0.04, 2.0)
                            uniform token[] xformOpOrder = ["xformOp:translate", "xformOp:orient", "xformOp:scale"]
                            color3f[] primvars:displayColor = [(0.1599999964237213, 0.17000000178813934, 0.1899999976158142)]
                        }
                        def Cube "base"
                        {
                            double size = 1.0
                            float3[] extent = [(-0.5, -0.5, -0.5), (0.5, 0.5, 0.5)]
                            double3 xformOp:translate = (-1.1199999999999997, 2.0, 0.0075)
                            quatd xformOp:orient = (0.00000000000000006123233995736766, 0.0, 0.0, 1.0)
                            double3 xformOp:scale = (0.144, 0.144, 0.015)
                            uniform token[] xformOpOrder = ["xformOp:translate", "xformOp:orient", "xformOp:scale"]
                            color3f[] primvars:displayColor = [(0.20000000298023224, 0.20999999344348907, 0.23000000417232513)]
                        }
                    }
                    def Xform "e2_2"
                    {
                        def Cube "frame_t"
                        {
                            double size = 1.0
                            float3[] extent = [(-0.5, -0.5, -0.5), (0.5, 0.5, 0.5)]
                            double3 xformOp:translate = (-1.5499999999999998, 2.0, 1.985)
                            quatd xformOp:orient = (0.00000000000000006123233995736766, 0.0, 0.0, 1.0)
                            double3 xformOp:scale = (0.8, 0.03, 0.03)
                            uniform token[] xformOpOrder = ["xformOp:translate", "xformOp:orient", "xformOp:scale"]
                            color3f[] primvars:displayColor = [(0.3799999952316284, 0.4000000059604645, 0.41999998688697815)]
                        }
                        def Cube "frame_b"
                        {
                            double size = 1.0
                            float3[] extent = [(-0.5, -0.5, -0.5), (0.5, 0.5, 0.5)]
                            double3 xformOp:translate = (-1.5499999999999998, 2.0, 0.015)
                            quatd xformOp:orient = (0.00000000000000006123233995736766, 0.0, 0.0, 1.0)
                            double3 xformOp:scale = (0.8, 0.03, 0.03)
                            uniform token[] xformOpOrder = ["xformOp:translate", "xformOp:orient", "xformOp:scale"]
                            color3f[] primvars:displayColor = [(0.3799999952316284, 0.4000000059604645, 0.41999998688697815)]
                        }
                        def Cube "frame_l"
                        {
                            double size = 1.0
                            float3[] extent = [(-0.5, -0.5, -0.5), (0.5, 0.5, 0.5)]
                            double3 xformOp:translate = (-1.1649999999999998, 2.0, 1.0)
                            quatd xformOp:orient = (0.00000000000000006123233995736766, 0.0, 0.0, 1.0)
                            double3 xformOp:scale = (0.03, 0.03, 1.94)
                            uniform token[] xformOpOrder = ["xformOp:translate", "xformOp:orient", "xformOp:scale"]
                            color3f[] primvars:displayColor = [(0.3799999952316284, 0.4000000059604645, 0.41999998688697815)]
                        }
                        def Cube "frame_r"
                        {
                            double size = 1.0
                            float3[] extent = [(-0.5, -0.5, -0.5), (0.5, 0.5, 0.5)]
                            double3 xformOp:translate = (-1.9349999999999998, 2.0, 1.0)
                            quatd xformOp:orient = (0.00000000000000006123233995736766, 0.0, 0.0, 1.0)
                            double3 xformOp:scale = (0.03, 0.03, 1.94)
                            uniform token[] xformOpOrder = ["xformOp:translate", "xformOp:orient", "xformOp:scale"]
                            color3f[] primvars:displayColor = [(0.3799999952316284, 0.4000000059604645, 0.41999998688697815)]
                        }
                        def Cube "wire_v1"
                        {
                            double size = 1.0
                            float3[] extent = [(-0.5, -0.5, -0.5), (0.5, 0.5, 0.5)]
                            double3 xformOp:translate = (-1.3033333333333332, 2.0, 1.0)
                            quatd xformOp:orient = (0.00000000000000006123233995736766, 0.0, 0.0, 1.0)
                            double3 xformOp:scale = (0.005, 0.005, 1.94)
                            uniform token[] xformOpOrder = ["xformOp:translate", "xformOp:orient", "xformOp:scale"]
                            color3f[] primvars:displayColor = [(0.550000011920929, 0.5799999833106995, 0.6000000238418579)]
                        }
                        def Cube "wire_v2"
                        {
                            double size = 1.0
                            float3[] extent = [(-0.5, -0.5, -0.5), (0.5, 0.5, 0.5)]
                            double3 xformOp:translate = (-1.4266666666666665, 2.0, 1.0)
                            quatd xformOp:orient = (0.00000000000000006123233995736766, 0.0, 0.0, 1.0)
                            double3 xformOp:scale = (0.005, 0.005, 1.94)
                            uniform token[] xformOpOrder = ["xformOp:translate", "xformOp:orient", "xformOp:scale"]
                            color3f[] primvars:displayColor = [(0.550000011920929, 0.5799999833106995, 0.6000000238418579)]
                        }
                        def Cube "wire_v3"
                        {
                            double size = 1.0
                            float3[] extent = [(-0.5, -0.5, -0.5), (0.5, 0.5, 0.5)]
                            double3 xformOp:translate = (-1.5499999999999998, 2.0, 1.0)
                            quatd xformOp:orient = (0.00000000000000006123233995736766, 0.0, 0.0, 1.0)
                            double3 xformOp:scale = (0.005, 0.005, 1.94)
                            uniform token[] xformOpOrder = ["xformOp:translate", "xformOp:orient", "xformOp:scale"]
                            color3f[] primvars:displayColor = [(0.550000011920929, 0.5799999833106995, 0.6000000238418579)]
                        }
                        def Cube "wire_v4"
                        {
                            double size = 1.0
                            float3[] extent = [(-0.5, -0.5, -0.5), (0.5, 0.5, 0.5)]
                            double3 xformOp:translate = (-1.6733333333333331, 2.0, 1.0)
                            quatd xformOp:orient = (0.00000000000000006123233995736766, 0.0, 0.0, 1.0)
                            double3 xformOp:scale = (0.005, 0.005, 1.94)
                            uniform token[] xformOpOrder = ["xformOp:translate", "xformOp:orient", "xformOp:scale"]
                            color3f[] primvars:displayColor = [(0.550000011920929, 0.5799999833106995, 0.6000000238418579)]
                        }
                        def Cube "wire_v5"
                        {
                            double size = 1.0
                            float3[] extent = [(-0.5, -0.5, -0.5), (0.5, 0.5, 0.5)]
                            double3 xformOp:translate = (-1.7966666666666664, 2.0, 1.0)
                            quatd xformOp:orient = (0.00000000000000006123233995736766, 0.0, 0.0, 1.0)
                            double3 xformOp:scale = (0.005, 0.005, 1.94)
                            uniform token[] xformOpOrder = ["xformOp:translate", "xformOp:orient", "xformOp:scale"]
                            color3f[] primvars:displayColor = [(0.550000011920929, 0.5799999833106995, 0.6000000238418579)]
                        }
                        def Cube "wire_h1"
                        {
                            double size = 1.0
                            float3[] extent = [(-0.5, -0.5, -0.5), (0.5, 0.5, 0.5)]
                            double3 xformOp:translate = (-1.5499999999999998, 2.0, 0.3533333333333333)
                            quatd xformOp:orient = (0.00000000000000006123233995736766, 0.0, 0.0, 1.0)
                            double3 xformOp:scale = (0.74, 0.005, 0.005)
                            uniform token[] xformOpOrder = ["xformOp:translate", "xformOp:orient", "xformOp:scale"]
                            color3f[] primvars:displayColor = [(0.550000011920929, 0.5799999833106995, 0.6000000238418579)]
                        }
                        def Cube "wire_h2"
                        {
                            double size = 1.0
                            float3[] extent = [(-0.5, -0.5, -0.5), (0.5, 0.5, 0.5)]
                            double3 xformOp:translate = (-1.5499999999999998, 2.0, 0.6766666666666666)
                            quatd xformOp:orient = (0.00000000000000006123233995736766, 0.0, 0.0, 1.0)
                            double3 xformOp:scale = (0.74, 0.005, 0.005)
                            uniform token[] xformOpOrder = ["xformOp:translate", "xformOp:orient", "xformOp:scale"]
                            color3f[] primvars:displayColor = [(0.550000011920929, 0.5799999833106995, 0.6000000238418579)]
                        }
                        def Cube "wire_h3"
                        {
                            double size = 1.0
                            float3[] extent = [(-0.5, -0.5, -0.5), (0.5, 0.5, 0.5)]
                            double3 xformOp:translate = (-1.5499999999999998, 2.0, 1.0)
                            quatd xformOp:orient = (0.00000000000000006123233995736766, 0.0, 0.0, 1.0)
                            double3 xformOp:scale = (0.74, 0.005, 0.005)
                            uniform token[] xformOpOrder = ["xformOp:translate", "xformOp:orient", "xformOp:scale"]
                            color3f[] primvars:displayColor = [(0.550000011920929, 0.5799999833106995, 0.6000000238418579)]
                        }
                        def Cube "wire_h4"
                        {
                            double size = 1.0
                            float3[] extent = [(-0.5, -0.5, -0.5), (0.5, 0.5, 0.5)]
                            double3 xformOp:translate = (-1.5499999999999998, 2.0, 1.3233333333333333)
                            quatd xformOp:orient = (0.00000000000000006123233995736766, 0.0, 0.0, 1.0)
                            double3 xformOp:scale = (0.74, 0.005, 0.005)
                            uniform token[] xformOpOrder = ["xformOp:translate", "xformOp:orient", "xformOp:scale"]
                            color3f[] primvars:displayColor = [(0.550000011920929, 0.5799999833106995, 0.6000000238418579)]
                        }
                        def Cube "wire_h5"
                        {
                            double size = 1.0
                            float3[] extent = [(-0.5, -0.5, -0.5), (0.5, 0.5, 0.5)]
                            double3 xformOp:translate = (-1.5499999999999998, 2.0, 1.6466666666666665)
                            quatd xformOp:orient = (0.00000000000000006123233995736766, 0.0, 0.0, 1.0)
                            double3 xformOp:scale = (0.74, 0.005, 0.005)
                            uniform token[] xformOpOrder = ["xformOp:translate", "xformOp:orient", "xformOp:scale"]
                            color3f[] primvars:displayColor = [(0.550000011920929, 0.5799999833106995, 0.6000000238418579)]
                        }
                    }
                    def Xform "e3_0"
                    {
                        def Cube "frame_t"
                        {
                            double size = 1.0
                            float3[] extent = [(-0.5, -0.5, -0.5), (0.5, 0.5, 0.5)]
                            double3 xformOp:translate = (-2.0, 1.47, 1.985)
                            quatd xformOp:orient = (0.7071067811865476, 0.0, 0.0, -0.7071067811865475)
                            double3 xformOp:scale = (1.0, 0.03, 0.03)
                            uniform token[] xformOpOrder = ["xformOp:translate", "xformOp:orient", "xformOp:scale"]
                            color3f[] primvars:displayColor = [(0.3799999952316284, 0.4000000059604645, 0.41999998688697815)]
                        }
                        def Cube "frame_b"
                        {
                            double size = 1.0
                            float3[] extent = [(-0.5, -0.5, -0.5), (0.5, 0.5, 0.5)]
                            double3 xformOp:translate = (-2.0, 1.47, 0.015)
                            quatd xformOp:orient = (0.7071067811865476, 0.0, 0.0, -0.7071067811865475)
                            double3 xformOp:scale = (1.0, 0.03, 0.03)
                            uniform token[] xformOpOrder = ["xformOp:translate", "xformOp:orient", "xformOp:scale"]
                            color3f[] primvars:displayColor = [(0.3799999952316284, 0.4000000059604645, 0.41999998688697815)]
                        }
                        def Cube "frame_l"
                        {
                            double size = 1.0
                            float3[] extent = [(-0.5, -0.5, -0.5), (0.5, 0.5, 0.5)]
                            double3 xformOp:translate = (-2.0, 1.955, 1.0)
                            quatd xformOp:orient = (0.7071067811865476, 0.0, 0.0, -0.7071067811865475)
                            double3 xformOp:scale = (0.03, 0.03, 1.94)
                            uniform token[] xformOpOrder = ["xformOp:translate", "xformOp:orient", "xformOp:scale"]
                            color3f[] primvars:displayColor = [(0.3799999952316284, 0.4000000059604645, 0.41999998688697815)]
                        }
                        def Cube "frame_r"
                        {
                            double size = 1.0
                            float3[] extent = [(-0.5, -0.5, -0.5), (0.5, 0.5, 0.5)]
                            double3 xformOp:translate = (-2.0, 0.985, 1.0)
                            quatd xformOp:orient = (0.7071067811865476, 0.0, 0.0, -0.7071067811865475)
                            double3 xformOp:scale = (0.03, 0.03, 1.94)
                            uniform token[] xformOpOrder = ["xformOp:translate", "xformOp:orient", "xformOp:scale"]
                            color3f[] primvars:displayColor = [(0.3799999952316284, 0.4000000059604645, 0.41999998688697815)]
                        }
                        def Cube "wire_v1"
                        {
                            double size = 1.0
                            float3[] extent = [(-0.5, -0.5, -0.5), (0.5, 0.5, 0.5)]
                            double3 xformOp:translate = (-2.0, 1.7833333333333332, 1.0)
                            quatd xformOp:orient = (0.7071067811865476, 0.0, 0.0, -0.7071067811865475)
                            double3 xformOp:scale = (0.005, 0.005, 1.94)
                            uniform token[] xformOpOrder = ["xformOp:translate", "xformOp:orient", "xformOp:scale"]
                            color3f[] primvars:displayColor = [(0.550000011920929, 0.5799999833106995, 0.6000000238418579)]
                        }
                        def Cube "wire_v2"
                        {
                            double size = 1.0
                            float3[] extent = [(-0.5, -0.5, -0.5), (0.5, 0.5, 0.5)]
                            double3 xformOp:translate = (-2.0, 1.6266666666666667, 1.0)
                            quatd xformOp:orient = (0.7071067811865476, 0.0, 0.0, -0.7071067811865475)
                            double3 xformOp:scale = (0.005, 0.005, 1.94)
                            uniform token[] xformOpOrder = ["xformOp:translate", "xformOp:orient", "xformOp:scale"]
                            color3f[] primvars:displayColor = [(0.550000011920929, 0.5799999833106995, 0.6000000238418579)]
                        }
                        def Cube "wire_v3"
                        {
                            double size = 1.0
                            float3[] extent = [(-0.5, -0.5, -0.5), (0.5, 0.5, 0.5)]
                            double3 xformOp:translate = (-2.0, 1.47, 1.0)
                            quatd xformOp:orient = (0.7071067811865476, 0.0, 0.0, -0.7071067811865475)
                            double3 xformOp:scale = (0.005, 0.005, 1.94)
                            uniform token[] xformOpOrder = ["xformOp:translate", "xformOp:orient", "xformOp:scale"]
                            color3f[] primvars:displayColor = [(0.550000011920929, 0.5799999833106995, 0.6000000238418579)]
                        }
                        def Cube "wire_v4"
                        {
                            double size = 1.0
                            float3[] extent = [(-0.5, -0.5, -0.5), (0.5, 0.5, 0.5)]
                            double3 xformOp:translate = (-2.0, 1.3133333333333335, 1.0)
                            quatd xformOp:orient = (0.7071067811865476, 0.0, 0.0, -0.7071067811865475)
                            double3 xformOp:scale = (0.005, 0.005, 1.94)
                            uniform token[] xformOpOrder = ["xformOp:translate", "xformOp:orient", "xformOp:scale"]
                            color3f[] primvars:displayColor = [(0.550000011920929, 0.5799999833106995, 0.6000000238418579)]
                        }
                        def Cube "wire_v5"
                        {
                            double size = 1.0
                            float3[] extent = [(-0.5, -0.5, -0.5), (0.5, 0.5, 0.5)]
                            double3 xformOp:translate = (-2.0, 1.1566666666666667, 1.0)
                            quatd xformOp:orient = (0.7071067811865476, 0.0, 0.0, -0.7071067811865475)
                            double3 xformOp:scale = (0.005, 0.005, 1.94)
                            uniform token[] xformOpOrder = ["xformOp:translate", "xformOp:orient", "xformOp:scale"]
                            color3f[] primvars:displayColor = [(0.550000011920929, 0.5799999833106995, 0.6000000238418579)]
                        }
                        def Cube "wire_h1"
                        {
                            double size = 1.0
                            float3[] extent = [(-0.5, -0.5, -0.5), (0.5, 0.5, 0.5)]
                            double3 xformOp:translate = (-2.0, 1.47, 0.3533333333333333)
                            quatd xformOp:orient = (0.7071067811865476, 0.0, 0.0, -0.7071067811865475)
                            double3 xformOp:scale = (0.94, 0.005, 0.005)
                            uniform token[] xformOpOrder = ["xformOp:translate", "xformOp:orient", "xformOp:scale"]
                            color3f[] primvars:displayColor = [(0.550000011920929, 0.5799999833106995, 0.6000000238418579)]
                        }
                        def Cube "wire_h2"
                        {
                            double size = 1.0
                            float3[] extent = [(-0.5, -0.5, -0.5), (0.5, 0.5, 0.5)]
                            double3 xformOp:translate = (-2.0, 1.47, 0.6766666666666666)
                            quatd xformOp:orient = (0.7071067811865476, 0.0, 0.0, -0.7071067811865475)
                            double3 xformOp:scale = (0.94, 0.005, 0.005)
                            uniform token[] xformOpOrder = ["xformOp:translate", "xformOp:orient", "xformOp:scale"]
                            color3f[] primvars:displayColor = [(0.550000011920929, 0.5799999833106995, 0.6000000238418579)]
                        }
                        def Cube "wire_h3"
                        {
                            double size = 1.0
                            float3[] extent = [(-0.5, -0.5, -0.5), (0.5, 0.5, 0.5)]
                            double3 xformOp:translate = (-2.0, 1.47, 1.0)
                            quatd xformOp:orient = (0.7071067811865476, 0.0, 0.0, -0.7071067811865475)
                            double3 xformOp:scale = (0.94, 0.005, 0.005)
                            uniform token[] xformOpOrder = ["xformOp:translate", "xformOp:orient", "xformOp:scale"]
                            color3f[] primvars:displayColor = [(0.550000011920929, 0.5799999833106995, 0.6000000238418579)]
                        }
                        def Cube "wire_h4"
                        {
                            double size = 1.0
                            float3[] extent = [(-0.5, -0.5, -0.5), (0.5, 0.5, 0.5)]
                            double3 xformOp:translate = (-2.0, 1.47, 1.3233333333333333)
                            quatd xformOp:orient = (0.7071067811865476, 0.0, 0.0, -0.7071067811865475)
                            double3 xformOp:scale = (0.94, 0.005, 0.005)
                            uniform token[] xformOpOrder = ["xformOp:translate", "xformOp:orient", "xformOp:scale"]
                            color3f[] primvars:displayColor = [(0.550000011920929, 0.5799999833106995, 0.6000000238418579)]
                        }
                        def Cube "wire_h5"
                        {
                            double size = 1.0
                            float3[] extent = [(-0.5, -0.5, -0.5), (0.5, 0.5, 0.5)]
                            double3 xformOp:translate = (-2.0, 1.47, 1.6466666666666665)
                            quatd xformOp:orient = (0.7071067811865476, 0.0, 0.0, -0.7071067811865475)
                            double3 xformOp:scale = (0.94, 0.005, 0.005)
                            uniform token[] xformOpOrder = ["xformOp:translate", "xformOp:orient", "xformOp:scale"]
                            color3f[] primvars:displayColor = [(0.550000011920929, 0.5799999833106995, 0.6000000238418579)]
                        }
                    }
                }
            }
            def Xform "west"
            {
                def Xform "trim"
                {
                    def Xform "c0"
                    {
                        def Cube "column"
                        {
                            double size = 1.0
                            float3[] extent = [(-0.5, -0.5, -0.5), (0.5, 0.5, 0.5)]
                            double3 xformOp:translate = (-2.0, 0.3, 1.0)
                            quatd xformOp:orient = (1.0, 0.0, 0.0, 0.0)
                            double3 xformOp:scale = (0.06, 0.06, 2.0)
                            uniform token[] xformOpOrder = ["xformOp:translate", "xformOp:orient", "xformOp:scale"]
                            color3f[] primvars:displayColor = [(0.1599999964237213, 0.17000000178813934, 0.1899999976158142)]
                        }
                        def Cube "base"
                        {
                            double size = 1.0
                            float3[] extent = [(-0.5, -0.5, -0.5), (0.5, 0.5, 0.5)]
                            double3 xformOp:translate = (-2.0, 0.3, 0.0075)
                            quatd xformOp:orient = (1.0, 0.0, 0.0, 0.0)
                            double3 xformOp:scale = (0.144, 0.144, 0.015)
                            uniform token[] xformOpOrder = ["xformOp:translate", "xformOp:orient", "xformOp:scale"]
                            color3f[] primvars:displayColor = [(0.20000000298023224, 0.20999999344348907, 0.23000000417232513)]
                        }
                    }
                    def Xform "c1"
                    {
                        def Cube "column"
                        {
                            double size = 1.0
                            float3[] extent = [(-0.5, -0.5, -0.5), (0.5, 0.5, 0.5)]
                            double3 xformOp:translate = (-2.0, -2.0, 1.0)
                            quatd xformOp:orient = (1.0, 0.0, 0.0, 0.0)
                            double3 xformOp:scale = (0.06, 0.06, 2.0)
                            uniform token[] xformOpOrder = ["xformOp:translate", "xformOp:orient", "xformOp:scale"]
                            color3f[] primvars:displayColor = [(0.1599999964237213, 0.17000000178813934, 0.1899999976158142)]
                        }
                        def Cube "base"
                        {
                            double size = 1.0
                            float3[] extent = [(-0.5, -0.5, -0.5), (0.5, 0.5, 0.5)]
                            double3 xformOp:translate = (-2.0, -2.0, 0.0075)
                            quatd xformOp:orient = (1.0, 0.0, 0.0, 0.0)
                            double3 xformOp:scale = (0.144, 0.144, 0.015)
                            uniform token[] xformOpOrder = ["xformOp:translate", "xformOp:orient", "xformOp:scale"]
                            color3f[] primvars:displayColor = [(0.20000000298023224, 0.20999999344348907, 0.23000000417232513)]
                        }
                    }
                    def Xform "c2"
                    {
                        def Cube "column"
                        {
                            double size = 1.0
                            float3[] extent = [(-0.5, -0.5, -0.5), (0.5, 0.5, 0.5)]
                            double3 xformOp:translate = (-0.5, -2.0, 1.0)
                            quatd xformOp:orient = (1.0, 0.0, 0.0, 0.0)
                            double3 xformOp:scale = (0.06, 0.06, 2.0)
                            uniform token[] xformOpOrder = ["xformOp:translate", "xformOp:orient", "xformOp:scale"]
                            color3f[] primvars:displayColor = [(0.1599999964237213, 0.17000000178813934, 0.1899999976158142)]
                        }
                        def Cube "base"
                        {
                            double size = 1.0
                            float3[] extent = [(-0.5, -0.5, -0.5), (0.5, 0.5, 0.5)]
                            double3 xformOp:translate = (-0.5, -2.0, 0.0075)
                            quatd xformOp:orient = (1.0, 0.0, 0.0, 0.0)
                            double3 xformOp:scale = (0.144, 0.144, 0.015)
                            uniform token[] xformOpOrder = ["xformOp:translate", "xformOp:orient", "xformOp:scale"]
                            color3f[] primvars:displayColor = [(0.20000000298023224, 0.20999999344348907, 0.23000000417232513)]
                        }
                    }
                    def Xform "e0_0"
                    {
                        def Cube "frame_t"
                        {
                            double size = 1.0
                            float3[] extent = [(-0.5, -0.5, -0.5), (0.5, 0.5, 0.5)]
                            double3 xformOp:translate = (-2.0, -0.48000000000000004, 1.985)
                            quatd xformOp:orient = (0.7071067811865476, 0.0, 0.0, -0.7071067811865475)
                            double3 xformOp:scale = (1.5, 0.03, 0.03)
                            uniform token[] xformOpOrder = ["xformOp:translate", "xformOp:orient", "xformOp:scale"]
                            color3f[] primvars:displayColor = [(0.3799999952316284, 0.4000000059604645, 0.41999998688697815)]
                        }
                        def Cube "frame_b"
                        {
                            double size = 1.0
                            float3[] extent = [(-0.5, -0.5, -0.5), (0.5, 0.5, 0.5)]
                            double3 xformOp:translate = (-2.0, -0.48000000000000004, 0.015)
                            quatd xformOp:orient = (0.7071067811865476, 0.0, 0.0, -0.7071067811865475)
                            double3 xformOp:scale = (1.5, 0.03, 0.03)
                            uniform token[] xformOpOrder = ["xformOp:translate", "xformOp:orient", "xformOp:scale"]
                            color3f[] primvars:displayColor = [(0.3799999952316284, 0.4000000059604645, 0.41999998688697815)]
                        }
                        def Cube "frame_l"
                        {
                            double size = 1.0
                            float3[] extent = [(-0.5, -0.5, -0.5), (0.5, 0.5, 0.5)]
                            double3 xformOp:translate = (-2.0, 0.25499999999999984, 1.0)
                            quatd xformOp:orient = (0.7071067811865476, 0.0, 0.0, -0.7071067811865475)
                            double3 xformOp:scale = (0.03, 0.03, 1.94)
                            uniform token[] xformOpOrder = ["xformOp:translate", "xformOp:orient", "xformOp:scale"]
                            color3f[] primvars:displayColor = [(0.3799999952316284, 0.4000000059604645, 0.41999998688697815)]
                        }
                        def Cube "frame_r"
                        {
                            double size = 1.0
                            float3[] extent = [(-0.5, -0.5, -0.5), (0.5, 0.5, 0.5)]
                            double3 xformOp:translate = (-1.9999999999999998, -1.2149999999999999, 1.0)
                            quatd xformOp:orient = (0.7071067811865476, 0.0, 0.0, -0.7071067811865475)
                            double3 xformOp:scale = (0.03, 0.03, 1.94)
                            uniform token[] xformOpOrder = ["xformOp:translate", "xformOp:orient", "xformOp:scale"]
                            color3f[] primvars:displayColor = [(0.3799999952316284, 0.4000000059604645, 0.41999998688697815)]
                        }
                        def Cube "wire_v1"
                        {
                            double size = 1.0
                            float3[] extent = [(-0.5, -0.5, -0.5), (0.5, 0.5, 0.5)]
                            double3 xformOp:translate = (-2.0, -0.00000000000000005551115123125783, 1.0)
                            quatd xformOp:orient = (0.7071067811865476, 0.0, 0.0, -0.7071067811865475)
                            double3 xformOp:scale = (0.005, 0.005, 1.94)
                            uniform token[] xformOpOrder = ["xformOp:translate", "xformOp:orient", "xformOp:scale"]
                            color3f[] primvars:displayColor = [(0.550000011920929, 0.5799999833106995, 0.6000000238418579)]
                        }
                        def Cube "wire_v2"
                        {
                            double size = 1.0
                            float3[] extent = [(-0.5, -0.5, -0.5), (0.5, 0.5, 0.5)]
                            double3 xformOp:translate = (-2.0, -0.24000000000000005, 1.0)
                            quatd xformOp:orient = (0.7071067811865476, 0.0, 0.0, -0.7071067811865475)
                            double3 xformOp:scale = (0.005, 0.005, 1.94)
                            uniform token[] xformOpOrder = ["xformOp:translate", "xformOp:orient", "xformOp:scale"]
                            color3f[] primvars:displayColor = [(0.550000011920929, 0.5799999833106995, 0.6000000238418579)]
                        }
                        def Cube "wire_v3"
                        {
                            double size = 1.0
                            float3[] extent = [(-0.5, -0.5, -0.5), (0.5, 0.5, 0.5)]
                            double3 xformOp:translate = (-2.0, -0.48000000000000015, 1.0)
                            quatd xformOp:orient = (0.7071067811865476, 0.0, 0.0, -0.7071067811865475)
                            double3 xformOp:scale = (0.005, 0.005, 1.94)
                            uniform token[] xformOpOrder = ["xformOp:translate", "xformOp:orient", "xformOp:scale"]
                            color3f[] primvars:displayColor = [(0.550000011920929, 0.5799999833106995, 0.6000000238418579)]
                        }
                        def Cube "wire_v4"
                        {
                            double size = 1.0
                            float3[] extent = [(-0.5, -0.5, -0.5), (0.5, 0.5, 0.5)]
                            double3 xformOp:translate = (-2.0, -0.72, 1.0)
                            quatd xformOp:orient = (0.7071067811865476, 0.0, 0.0, -0.7071067811865475)
                            double3 xformOp:scale = (0.005, 0.005, 1.94)
                            uniform token[] xformOpOrder = ["xformOp:translate", "xformOp:orient", "xformOp:scale"]
                            color3f[] primvars:displayColor = [(0.550000011920929, 0.5799999833106995, 0.6000000238418579)]
                        }
                        def Cube "wire_v5"
                        {
                            double size = 1.0
                            float3[] extent = [(-0.5, -0.5, -0.5), (0.5, 0.5, 0.5)]
                            double3 xformOp:translate = (-2.0, -0.96, 1.0)
                            quatd xformOp:orient = (0.7071067811865476, 0.0, 0.0, -0.7071067811865475)
                            double3 xformOp:scale = (0.005, 0.005, 1.94)
                            uniform token[] xformOpOrder = ["xformOp:translate", "xformOp:orient", "xformOp:scale"]
                            color3f[] primvars:displayColor = [(0.550000011920929, 0.5799999833106995, 0.6000000238418579)]
                        }
                        def Cube "wire_h1"
                        {
                            double size = 1.0
                            float3[] extent = [(-0.5, -0.5, -0.5), (0.5, 0.5, 0.5)]
                            double3 xformOp:translate = (-2.0, -0.48000000000000004, 0.3533333333333333)
                            quatd xformOp:orient = (0.7071067811865476, 0.0, 0.0, -0.7071067811865475)
                            double3 xformOp:scale = (1.44, 0.005, 0.005)
                            uniform token[] xformOpOrder = ["xformOp:translate", "xformOp:orient", "xformOp:scale"]
                            color3f[] primvars:displayColor = [(0.550000011920929, 0.5799999833106995, 0.6000000238418579)]
                        }
                        def Cube "wire_h2"
                        {
                            double size = 1.0
                            float3[] extent = [(-0.5, -0.5, -0.5), (0.5, 0.5, 0.5)]
                            double3 xformOp:translate = (-2.0, -0.48000000000000004, 0.6766666666666666)
                            quatd xformOp:orient = (0.7071067811865476, 0.0, 0.0, -0.7071067811865475)
                            double3 xformOp:scale = (1.44, 0.005, 0.005)
                            uniform token[] xformOpOrder = ["xformOp:translate", "xformOp:orient", "xformOp:scale"]
                            color3f[] primvars:displayColor = [(0.550000011920929, 0.5799999833106995, 0.6000000238418579)]
                        }
                        def Cube "wire_h3"
                        {
                            double size = 1.0
                            float3[] extent = [(-0.5, -0.5, -0.5), (0.5, 0.5, 0.5)]
                            double3 xformOp:translate = (-2.0, -0.48000000000000004, 1.0)
                            quatd xformOp:orient = (0.7071067811865476, 0.0, 0.0, -0.7071067811865475)
                            double3 xformOp:scale = (1.44, 0.005, 0.005)
                            uniform token[] xformOpOrder = ["xformOp:translate", "xformOp:orient", "xformOp:scale"]
                            color3f[] primvars:displayColor = [(0.550000011920929, 0.5799999833106995, 0.6000000238418579)]
                        }
                        def Cube "wire_h4"
                        {
                            double size = 1.0
                            float3[] extent = [(-0.5, -0.5, -0.5), (0.5, 0.5, 0.5)]
                            double3 xformOp:translate = (-2.0, -0.48000000000000004, 1.3233333333333333)
                            quatd xformOp:orient = (0.7071067811865476, 0.0, 0.0, -0.7071067811865475)
                            double3 xformOp:scale = (1.44, 0.005, 0.005)
                            uniform token[] xformOpOrder = ["xformOp:translate", "xformOp:orient", "xformOp:scale"]
                            color3f[] primvars:displayColor = [(0.550000011920929, 0.5799999833106995, 0.6000000238418579)]
                        }
                        def Cube "wire_h5"
                        {
                            double size = 1.0
                            float3[] extent = [(-0.5, -0.5, -0.5), (0.5, 0.5, 0.5)]
                            double3 xformOp:translate = (-2.0, -0.48000000000000004, 1.6466666666666665)
                            quatd xformOp:orient = (0.7071067811865476, 0.0, 0.0, -0.7071067811865475)
                            double3 xformOp:scale = (1.44, 0.005, 0.005)
                            uniform token[] xformOpOrder = ["xformOp:translate", "xformOp:orient", "xformOp:scale"]
                            color3f[] primvars:displayColor = [(0.550000011920929, 0.5799999833106995, 0.6000000238418579)]
                        }
                    }
                    def Xform "p0_0"
                    {
                        def Cube "column"
                        {
                            double size = 1.0
                            float3[] extent = [(-0.5, -0.5, -0.5), (0.5, 0.5, 0.5)]
                            double3 xformOp:translate = (-2.0, -1.26, 1.0)
                            quatd xformOp:orient = (0.7071067811865476, 0.0, 0.0, -0.7071067811865475)
                            double3 xformOp:scale = (0.06, 0.04, 2.0)
                            uniform token[] xformOpOrder = ["xformOp:translate", "xformOp:orient", "xformOp:scale"]
                            color3f[] primvars:displayColor = [(0.1599999964237213, 0.17000000178813934, 0.1899999976158142)]
                        }
                        def Cube "base"
                        {
                            double size = 1.0
                            float3[] extent = [(-0.5, -0.5, -0.5), (0.5, 0.5, 0.5)]
                            double3 xformOp:translate = (-2.0, -1.26, 0.0075)
                            quatd xformOp:orient = (0.7071067811865476, 0.0, 0.0, -0.7071067811865475)
                            double3 xformOp:scale = (0.144, 0.144, 0.015)
                            uniform token[] xformOpOrder = ["xformOp:translate", "xformOp:orient", "xformOp:scale"]
                            color3f[] primvars:displayColor = [(0.20000000298023224, 0.20999999344348907, 0.23000000417232513)]
                        }
                    }
                    def Xform "e0_1"
                    {
                        def Cube "frame_t"
                        {
                            double size = 1.0
                            float3[] extent = [(-0.5, -0.5, -0.5), (0.5, 0.5, 0.5)]
                            double3 xformOp:translate = (-2.0, -1.49, 1.985)
                            quatd xformOp:orient = (0.7071067811865476, 0.0, 0.0, -0.7071067811865475)
                            double3 xformOp:scale = (0.4, 0.03, 0.03)
                            uniform token[] xformOpOrder = ["xformOp:translate", "xformOp:orient", "xformOp:scale"]
                            color3f[] primvars:displayColor = [(0.3799999952316284, 0.4000000059604645, 0.41999998688697815)]
                        }
                        def Cube "frame_b"
                        {
                            double size = 1.0
                            float3[] extent = [(-0.5, -0.5, -0.5), (0.5, 0.5, 0.5)]
                            double3 xformOp:translate = (-2.0, -1.49, 0.015)
                            quatd xformOp:orient = (0.7071067811865476, 0.0, 0.0, -0.7071067811865475)
                            double3 xformOp:scale = (0.4, 0.03, 0.03)
                            uniform token[] xformOpOrder = ["xformOp:translate", "xformOp:orient", "xformOp:scale"]
                            color3f[] primvars:displayColor = [(0.3799999952316284, 0.4000000059604645, 0.41999998688697815)]
                        }
                        def Cube "frame_l"
                        {
                            double size = 1.0
                            float3[] extent = [(-0.5, -0.5, -0.5), (0.5, 0.5, 0.5)]
                            double3 xformOp:translate = (-2.0, -1.305, 1.0)
                            quatd xformOp:orient = (0.7071067811865476, 0.0, 0.0, -0.7071067811865475)
                            double3 xformOp:scale = (0.03, 0.03, 1.94)
                            uniform token[] xformOpOrder = ["xformOp:translate", "xformOp:orient", "xformOp:scale"]
                            color3f[] primvars:displayColor = [(0.3799999952316284, 0.4000000059604645, 0.41999998688697815)]
                        }
                        def Cube "frame_r"
                        {
                            double size = 1.0
                            float3[] extent = [(-0.5, -0.5, -0.5), (0.5, 0.5, 0.5)]
                            double3 xformOp:translate = (-2.0, -1.675, 1.0)
                            quatd xformOp:orient = (0.7071067811865476, 0.0, 0.0, -0.7071067811865475)
                            double3 xformOp:scale = (0.03, 0.03, 1.94)
                            uniform token[] xformOpOrder = ["xformOp:translate", "xformOp:orient", "xformOp:scale"]
                            color3f[] primvars:displayColor = [(0.3799999952316284, 0.4000000059604645, 0.41999998688697815)]
                        }
                        def Cube "wire_v1"
                        {
                            double size = 1.0
                            float3[] extent = [(-0.5, -0.5, -0.5), (0.5, 0.5, 0.5)]
                            double3 xformOp:translate = (-2.0, -1.3766666666666667, 1.0)
                            quatd xformOp:orient = (0.7071067811865476, 0.0, 0.0, -0.7071067811865475)
                            double3 xformOp:scale = (0.005, 0.005, 1.94)
                            uniform token[] xformOpOrder = ["xformOp:translate", "xformOp:orient", "xformOp:scale"]
                            color3f[] primvars:displayColor = [(0.550000011920929, 0.5799999833106995, 0.6000000238418579)]
                        }
                        def Cube "wire_v2"
                        {
                            double size = 1.0
                            float3[] extent = [(-0.5, -0.5, -0.5), (0.5, 0.5, 0.5)]
                            double3 xformOp:translate = (-2.0, -1.4333333333333333, 1.0)
                            quatd xformOp:orient = (0.7071067811865476, 0.0, 0.0, -0.7071067811865475)
                            double3 xformOp:scale = (0.005, 0.005, 1.94)
                            uniform token[] xformOpOrder = ["xformOp:translate", "xformOp:orient", "xformOp:scale"]
                            color3f[] primvars:displayColor = [(0.550000011920929, 0.5799999833106995, 0.6000000238418579)]
                        }
                        def Cube "wire_v3"
                        {
                            double size = 1.0
                            float3[] extent = [(-0.5, -0.5, -0.5), (0.5, 0.5, 0.5)]
                            double3 xformOp:translate = (-2.0, -1.49, 1.0)
                            quatd xformOp:orient = (0.7071067811865476, 0.0, 0.0, -0.7071067811865475)
                            double3 xformOp:scale = (0.005, 0.005, 1.94)
                            uniform token[] xformOpOrder = ["xformOp:translate", "xformOp:orient", "xformOp:scale"]
                            color3f[] primvars:displayColor = [(0.550000011920929, 0.5799999833106995, 0.6000000238418579)]
                        }
                        def Cube "wire_v4"
                        {
                            double size = 1.0
                            float3[] extent = [(-0.5, -0.5, -0.5), (0.5, 0.5, 0.5)]
                            double3 xformOp:translate = (-2.0, -1.5466666666666666, 1.0)
                            quatd xformOp:orient = (0.7071067811865476, 0.0, 0.0, -0.7071067811865475)
                            double3 xformOp:scale = (0.005, 0.005, 1.94)
                            uniform token[] xformOpOrder = ["xformOp:translate", "xformOp:orient", "xformOp:scale"]
                            color3f[] primvars:displayColor = [(0.550000011920929, 0.5799999833106995, 0.6000000238418579)]
                        }
                        def Cube "wire_v5"
                        {
                            double size = 1.0
                            float3[] extent = [(-0.5, -0.5, -0.5), (0.5, 0.5, 0.5)]
                            double3 xformOp:translate = (-2.0, -1.6033333333333333, 1.0)
                            quatd xformOp:orient = (0.7071067811865476, 0.0, 0.0, -0.7071067811865475)
                            double3 xformOp:scale = (0.005, 0.005, 1.94)
                            uniform token[] xformOpOrder = ["xformOp:translate", "xformOp:orient", "xformOp:scale"]
                            color3f[] primvars:displayColor = [(0.550000011920929, 0.5799999833106995, 0.6000000238418579)]
                        }
                        def Cube "wire_h1"
                        {
                            double size = 1.0
                            float3[] extent = [(-0.5, -0.5, -0.5), (0.5, 0.5, 0.5)]
                            double3 xformOp:translate = (-2.0, -1.49, 0.3533333333333333)
                            quatd xformOp:orient = (0.7071067811865476, 0.0, 0.0, -0.7071067811865475)
                            double3 xformOp:scale = (0.34, 0.005, 0.005)
                            uniform token[] xformOpOrder = ["xformOp:translate", "xformOp:orient", "xformOp:scale"]
                            color3f[] primvars:displayColor = [(0.550000011920929, 0.5799999833106995, 0.6000000238418579)]
                        }
                        def Cube "wire_h2"
                        {
                            double size = 1.0
                            float3[] extent = [(-0.5, -0.5, -0.5), (0.5, 0.5, 0.5)]
                            double3 xformOp:translate = (-2.0, -1.49, 0.6766666666666666)
                            quatd xformOp:orient = (0.7071067811865476, 0.0, 0.0, -0.7071067811865475)
                            double3 xformOp:scale = (0.34, 0.005, 0.005)
                            uniform token[] xformOpOrder = ["xformOp:translate", "xformOp:orient", "xformOp:scale"]
                            color3f[] primvars:displayColor = [(0.550000011920929, 0.5799999833106995, 0.6000000238418579)]
                        }
                        def Cube "wire_h3"
                        {
                            double size = 1.0
                            float3[] extent = [(-0.5, -0.5, -0.5), (0.5, 0.5, 0.5)]
                            double3 xformOp:translate = (-2.0, -1.49, 1.0)
                            quatd xformOp:orient = (0.7071067811865476, 0.0, 0.0, -0.7071067811865475)
                            double3 xformOp:scale = (0.34, 0.005, 0.005)
                            uniform token[] xformOpOrder = ["xformOp:translate", "xformOp:orient", "xformOp:scale"]
                            color3f[] primvars:displayColor = [(0.550000011920929, 0.5799999833106995, 0.6000000238418579)]
                        }
                        def Cube "wire_h4"
                        {
                            double size = 1.0
                            float3[] extent = [(-0.5, -0.5, -0.5), (0.5, 0.5, 0.5)]
                            double3 xformOp:translate = (-2.0, -1.49, 1.3233333333333333)
                            quatd xformOp:orient = (0.7071067811865476, 0.0, 0.0, -0.7071067811865475)
                            double3 xformOp:scale = (0.34, 0.005, 0.005)
                            uniform token[] xformOpOrder = ["xformOp:translate", "xformOp:orient", "xformOp:scale"]
                            color3f[] primvars:displayColor = [(0.550000011920929, 0.5799999833106995, 0.6000000238418579)]
                        }
                        def Cube "wire_h5"
                        {
                            double size = 1.0
                            float3[] extent = [(-0.5, -0.5, -0.5), (0.5, 0.5, 0.5)]
                            double3 xformOp:translate = (-2.0, -1.49, 1.6466666666666665)
                            quatd xformOp:orient = (0.7071067811865476, 0.0, 0.0, -0.7071067811865475)
                            double3 xformOp:scale = (0.34, 0.005, 0.005)
                            uniform token[] xformOpOrder = ["xformOp:translate", "xformOp:orient", "xformOp:scale"]
                            color3f[] primvars:displayColor = [(0.550000011920929, 0.5799999833106995, 0.6000000238418579)]
                        }
                    }
                    def Xform "p0_1"
                    {
                        def Cube "column"
                        {
                            double size = 1.0
                            float3[] extent = [(-0.5, -0.5, -0.5), (0.5, 0.5, 0.5)]
                            double3 xformOp:translate = (-2.0, -1.72, 1.0)
                            quatd xformOp:orient = (0.7071067811865476, 0.0, 0.0, -0.7071067811865475)
                            double3 xformOp:scale = (0.06, 0.04, 2.0)
                            uniform token[] xformOpOrder = ["xformOp:translate", "xformOp:orient", "xformOp:scale"]
                            color3f[] primvars:displayColor = [(0.1599999964237213, 0.17000000178813934, 0.1899999976158142)]
                        }
                        def Cube "base"
                        {
                            double size = 1.0
                            float3[] extent = [(-0.5, -0.5, -0.5), (0.5, 0.5, 0.5)]
                            double3 xformOp:translate = (-2.0, -1.72, 0.0075)
                            quatd xformOp:orient = (0.7071067811865476, 0.0, 0.0, -0.7071067811865475)
                            double3 xformOp:scale = (0.144, 0.144, 0.015)
                            uniform token[] xformOpOrder = ["xformOp:translate", "xformOp:orient", "xformOp:scale"]
                            color3f[] primvars:displayColor = [(0.20000000298023224, 0.20999999344348907, 0.23000000417232513)]
                        }
                    }
                    def Xform "e0_2"
                    {
                        def Cube "frame_t"
                        {
                            double size = 1.0
                            float3[] extent = [(-0.5, -0.5, -0.5), (0.5, 0.5, 0.5)]
                            double3 xformOp:translate = (-2.0, -1.8500000000000003, 1.985)
                            quatd xformOp:orient = (0.7071067811865476, 0.0, 0.0, -0.7071067811865475)
                            double3 xformOp:scale = (0.2, 0.03, 0.03)
                            uniform token[] xformOpOrder = ["xformOp:translate", "xformOp:orient", "xformOp:scale"]
                            color3f[] primvars:displayColor = [(0.3799999952316284, 0.4000000059604645, 0.41999998688697815)]
                        }
                        def Cube "frame_b"
                        {
                            double size = 1.0
                            float3[] extent = [(-0.5, -0.5, -0.5), (0.5, 0.5, 0.5)]
                            double3 xformOp:translate = (-2.0, -1.8500000000000003, 0.015)
                            quatd xformOp:orient = (0.7071067811865476, 0.0, 0.0, -0.7071067811865475)
                            double3 xformOp:scale = (0.2, 0.03, 0.03)
                            uniform token[] xformOpOrder = ["xformOp:translate", "xformOp:orient", "xformOp:scale"]
                            color3f[] primvars:displayColor = [(0.3799999952316284, 0.4000000059604645, 0.41999998688697815)]
                        }
                        def Cube "frame_l"
                        {
                            double size = 1.0
                            float3[] extent = [(-0.5, -0.5, -0.5), (0.5, 0.5, 0.5)]
                            double3 xformOp:translate = (-2.0, -1.7650000000000003, 1.0)
                            quatd xformOp:orient = (0.7071067811865476, 0.0, 0.0, -0.7071067811865475)
                            double3 xformOp:scale = (0.03, 0.03, 1.94)
                            uniform token[] xformOpOrder = ["xformOp:translate", "xformOp:orient", "xformOp:scale"]
                            color3f[] primvars:displayColor = [(0.3799999952316284, 0.4000000059604645, 0.41999998688697815)]
                        }
                        def Cube "frame_r"
                        {
                            double size = 1.0
                            float3[] extent = [(-0.5, -0.5, -0.5), (0.5, 0.5, 0.5)]
                            double3 xformOp:translate = (-2.0, -1.9350000000000003, 1.0)
                            quatd xformOp:orient = (0.7071067811865476, 0.0, 0.0, -0.7071067811865475)
                            double3 xformOp:scale = (0.03, 0.03, 1.94)
                            uniform token[] xformOpOrder = ["xformOp:translate", "xformOp:orient", "xformOp:scale"]
                            color3f[] primvars:displayColor = [(0.3799999952316284, 0.4000000059604645, 0.41999998688697815)]
                        }
                        def Cube "wire_v1"
                        {
                            double size = 1.0
                            float3[] extent = [(-0.5, -0.5, -0.5), (0.5, 0.5, 0.5)]
                            double3 xformOp:translate = (-2.0, -1.8266666666666669, 1.0)
                            quatd xformOp:orient = (0.7071067811865476, 0.0, 0.0, -0.7071067811865475)
                            double3 xformOp:scale = (0.005, 0.005, 1.94)
                            uniform token[] xformOpOrder = ["xformOp:translate", "xformOp:orient", "xformOp:scale"]
                            color3f[] primvars:displayColor = [(0.550000011920929, 0.5799999833106995, 0.6000000238418579)]
                        }
                        def Cube "wire_v2"
                        {
                            double size = 1.0
                            float3[] extent = [(-0.5, -0.5, -0.5), (0.5, 0.5, 0.5)]
                            double3 xformOp:translate = (-2.0, -1.8733333333333337, 1.0)
                            quatd xformOp:orient = (0.7071067811865476, 0.0, 0.0, -0.7071067811865475)
                            double3 xformOp:scale = (0.005, 0.005, 1.94)
                            uniform token[] xformOpOrder = ["xformOp:translate", "xformOp:orient", "xformOp:scale"]
                            color3f[] primvars:displayColor = [(0.550000011920929, 0.5799999833106995, 0.6000000238418579)]
                        }
                        def Cube "wire_h1"
                        {
                            double size = 1.0
                            float3[] extent = [(-0.5, -0.5, -0.5), (0.5, 0.5, 0.5)]
                            double3 xformOp:translate = (-2.0, -1.8500000000000003, 0.3533333333333333)
                            quatd xformOp:orient = (0.7071067811865476, 0.0, 0.0, -0.7071067811865475)
                            double3 xformOp:scale = (0.14, 0.005, 0.005)
                            uniform token[] xformOpOrder = ["xformOp:translate", "xformOp:orient", "xformOp:scale"]
                            color3f[] primvars:displayColor = [(0.550000011920929, 0.5799999833106995, 0.6000000238418579)]
                        }
                        def Cube "wire_h2"
                        {
                            double size = 1.0
                            float3[] extent = [(-0.5, -0.5, -0.5), (0.5, 0.5, 0.5)]
                            double3 xformOp:translate = (-2.0, -1.8500000000000003, 0.6766666666666666)
                            quatd xformOp:orient = (0.7071067811865476, 0.0, 0.0, -0.7071067811865475)
                            double3 xformOp:scale = (0.14, 0.005, 0.005)
                            uniform token[] xformOpOrder = ["xformOp:translate", "xformOp:orient", "xformOp:scale"]
                            color3f[] primvars:displayColor = [(0.550000011920929, 0.5799999833106995, 0.6000000238418579)]
                        }
                        def Cube "wire_h3"
                        {
                            double size = 1.0
                            float3[] extent = [(-0.5, -0.5, -0.5), (0.5, 0.5, 0.5)]
                            double3 xformOp:translate = (-2.0, -1.8500000000000003, 1.0)
                            quatd xformOp:orient = (0.7071067811865476, 0.0, 0.0, -0.7071067811865475)
                            double3 xformOp:scale = (0.14, 0.005, 0.005)
                            uniform token[] xformOpOrder = ["xformOp:translate", "xformOp:orient", "xformOp:scale"]
                            color3f[] primvars:displayColor = [(0.550000011920929, 0.5799999833106995, 0.6000000238418579)]
                        }
                        def Cube "wire_h4"
                        {
                            double size = 1.0
                            float3[] extent = [(-0.5, -0.5, -0.5), (0.5, 0.5, 0.5)]
                            double3 xformOp:translate = (-2.0, -1.8500000000000003, 1.3233333333333333)
                            quatd xformOp:orient = (0.7071067811865476, 0.0, 0.0, -0.7071067811865475)
                            double3 xformOp:scale = (0.14, 0.005, 0.005)
                            uniform token[] xformOpOrder = ["xformOp:translate", "xformOp:orient", "xformOp:scale"]
                            color3f[] primvars:displayColor = [(0.550000011920929, 0.5799999833106995, 0.6000000238418579)]
                        }
                        def Cube "wire_h5"
                        {
                            double size = 1.0
                            float3[] extent = [(-0.5, -0.5, -0.5), (0.5, 0.5, 0.5)]
                            double3 xformOp:translate = (-2.0, -1.8500000000000003, 1.6466666666666665)
                            quatd xformOp:orient = (0.7071067811865476, 0.0, 0.0, -0.7071067811865475)
                            double3 xformOp:scale = (0.14, 0.005, 0.005)
                            uniform token[] xformOpOrder = ["xformOp:translate", "xformOp:orient", "xformOp:scale"]
                            color3f[] primvars:displayColor = [(0.550000011920929, 0.5799999833106995, 0.6000000238418579)]
                        }
                    }
                    def Xform "e1_0"
                    {
                        def Cube "frame_t"
                        {
                            double size = 1.0
                            float3[] extent = [(-0.5, -0.5, -0.5), (0.5, 0.5, 0.5)]
                            double3 xformOp:translate = (-1.5699999999999998, -2.0, 1.985)
                            quatd xformOp:orient = (1.0, 0.0, 0.0, 0.0)
                            double3 xformOp:scale = (0.8, 0.03, 0.03)
                            uniform token[] xformOpOrder = ["xformOp:translate", "xformOp:orient", "xformOp:scale"]
                            color3f[] primvars:displayColor = [(0.3799999952316284, 0.4000000059604645, 0.41999998688697815)]
                        }
                        def Cube "frame_b"
                        {
                            double size = 1.0
                            float3[] extent = [(-0.5, -0.5, -0.5), (0.5, 0.5, 0.5)]
                            double3 xformOp:translate = (-1.5699999999999998, -2.0, 0.015)
                            quatd xformOp:orient = (1.0, 0.0, 0.0, 0.0)
                            double3 xformOp:scale = (0.8, 0.03, 0.03)
                            uniform token[] xformOpOrder = ["xformOp:translate", "xformOp:orient", "xformOp:scale"]
                            color3f[] primvars:displayColor = [(0.3799999952316284, 0.4000000059604645, 0.41999998688697815)]
                        }
                        def Cube "frame_l"
                        {
                            double size = 1.0
                            float3[] extent = [(-0.5, -0.5, -0.5), (0.5, 0.5, 0.5)]
                            double3 xformOp:translate = (-1.9549999999999998, -2.0, 1.0)
                            quatd xformOp:orient = (1.0, 0.0, 0.0, 0.0)
                            double3 xformOp:scale = (0.03, 0.03, 1.94)
                            uniform token[] xformOpOrder = ["xformOp:translate", "xformOp:orient", "xformOp:scale"]
                            color3f[] primvars:displayColor = [(0.3799999952316284, 0.4000000059604645, 0.41999998688697815)]
                        }
                        def Cube "frame_r"
                        {
                            double size = 1.0
                            float3[] extent = [(-0.5, -0.5, -0.5), (0.5, 0.5, 0.5)]
                            double3 xformOp:translate = (-1.1849999999999998, -2.0, 1.0)
                            quatd xformOp:orient = (1.0, 0.0, 0.0, 0.0)
                            double3 xformOp:scale = (0.03, 0.03, 1.94)
                            uniform token[] xformOpOrder = ["xformOp:translate", "xformOp:orient", "xformOp:scale"]
                            color3f[] primvars:displayColor = [(0.3799999952316284, 0.4000000059604645, 0.41999998688697815)]
                        }
                        def Cube "wire_v1"
                        {
                            double size = 1.0
                            float3[] extent = [(-0.5, -0.5, -0.5), (0.5, 0.5, 0.5)]
                            double3 xformOp:translate = (-1.8166666666666664, -2.0, 1.0)
                            quatd xformOp:orient = (1.0, 0.0, 0.0, 0.0)
                            double3 xformOp:scale = (0.005, 0.005, 1.94)
                            uniform token[] xformOpOrder = ["xformOp:translate", "xformOp:orient", "xformOp:scale"]
                            color3f[] primvars:displayColor = [(0.550000011920929, 0.5799999833106995, 0.6000000238418579)]
                        }
                        def Cube "wire_v2"
                        {
                            double size = 1.0
                            float3[] extent = [(-0.5, -0.5, -0.5), (0.5, 0.5, 0.5)]
                            double3 xformOp:translate = (-1.6933333333333331, -2.0, 1.0)
                            quatd xformOp:orient = (1.0, 0.0, 0.0, 0.0)
                            double3 xformOp:scale = (0.005, 0.005, 1.94)
                            uniform token[] xformOpOrder = ["xformOp:translate", "xformOp:orient", "xformOp:scale"]
                            color3f[] primvars:displayColor = [(0.550000011920929, 0.5799999833106995, 0.6000000238418579)]
                        }
                        def Cube "wire_v3"
                        {
                            double size = 1.0
                            float3[] extent = [(-0.5, -0.5, -0.5), (0.5, 0.5, 0.5)]
                            double3 xformOp:translate = (-1.5699999999999998, -2.0, 1.0)
                            quatd xformOp:orient = (1.0, 0.0, 0.0, 0.0)
                            double3 xformOp:scale = (0.005, 0.005, 1.94)
                            uniform token[] xformOpOrder = ["xformOp:translate", "xformOp:orient", "xformOp:scale"]
                            color3f[] primvars:displayColor = [(0.550000011920929, 0.5799999833106995, 0.6000000238418579)]
                        }
                        def Cube "wire_v4"
                        {
                            double size = 1.0
                            float3[] extent = [(-0.5, -0.5, -0.5), (0.5, 0.5, 0.5)]
                            double3 xformOp:translate = (-1.4466666666666665, -2.0, 1.0)
                            quatd xformOp:orient = (1.0, 0.0, 0.0, 0.0)
                            double3 xformOp:scale = (0.005, 0.005, 1.94)
                            uniform token[] xformOpOrder = ["xformOp:translate", "xformOp:orient", "xformOp:scale"]
                            color3f[] primvars:displayColor = [(0.550000011920929, 0.5799999833106995, 0.6000000238418579)]
                        }
                        def Cube "wire_v5"
                        {
                            double size = 1.0
                            float3[] extent = [(-0.5, -0.5, -0.5), (0.5, 0.5, 0.5)]
                            double3 xformOp:translate = (-1.3233333333333333, -2.0, 1.0)
                            quatd xformOp:orient = (1.0, 0.0, 0.0, 0.0)
                            double3 xformOp:scale = (0.005, 0.005, 1.94)
                            uniform token[] xformOpOrder = ["xformOp:translate", "xformOp:orient", "xformOp:scale"]
                            color3f[] primvars:displayColor = [(0.550000011920929, 0.5799999833106995, 0.6000000238418579)]
                        }
                        def Cube "wire_h1"
                        {
                            double size = 1.0
                            float3[] extent = [(-0.5, -0.5, -0.5), (0.5, 0.5, 0.5)]
                            double3 xformOp:translate = (-1.5699999999999998, -2.0, 0.3533333333333333)
                            quatd xformOp:orient = (1.0, 0.0, 0.0, 0.0)
                            double3 xformOp:scale = (0.74, 0.005, 0.005)
                            uniform token[] xformOpOrder = ["xformOp:translate", "xformOp:orient", "xformOp:scale"]
                            color3f[] primvars:displayColor = [(0.550000011920929, 0.5799999833106995, 0.6000000238418579)]
                        }
                        def Cube "wire_h2"
                        {
                            double size = 1.0
                            float3[] extent = [(-0.5, -0.5, -0.5), (0.5, 0.5, 0.5)]
                            double3 xformOp:translate = (-1.5699999999999998, -2.0, 0.6766666666666666)
                            quatd xformOp:orient = (1.0, 0.0, 0.0, 0.0)
                            double3 xformOp:scale = (0.74, 0.005, 0.005)
                            uniform token[] xformOpOrder = ["xformOp:translate", "xformOp:orient", "xformOp:scale"]
                            color3f[] primvars:displayColor = [(0.550000011920929, 0.5799999833106995, 0.6000000238418579)]
                        }
                        def Cube "wire_h3"
                        {
                            double size = 1.0
                            float3[] extent = [(-0.5, -0.5, -0.5), (0.5, 0.5, 0.5)]
                            double3 xformOp:translate = (-1.5699999999999998, -2.0, 1.0)
                            quatd xformOp:orient = (1.0, 0.0, 0.0, 0.0)
                            double3 xformOp:scale = (0.74, 0.005, 0.005)
                            uniform token[] xformOpOrder = ["xformOp:translate", "xformOp:orient", "xformOp:scale"]
                            color3f[] primvars:displayColor = [(0.550000011920929, 0.5799999833106995, 0.6000000238418579)]
                        }
                        def Cube "wire_h4"
                        {
                            double size = 1.0
                            float3[] extent = [(-0.5, -0.5, -0.5), (0.5, 0.5, 0.5)]
                            double3 xformOp:translate = (-1.5699999999999998, -2.0, 1.3233333333333333)
                            quatd xformOp:orient = (1.0, 0.0, 0.0, 0.0)
                            double3 xformOp:scale = (0.74, 0.005, 0.005)
                            uniform token[] xformOpOrder = ["xformOp:translate", "xformOp:orient", "xformOp:scale"]
                            color3f[] primvars:displayColor = [(0.550000011920929, 0.5799999833106995, 0.6000000238418579)]
                        }
                        def Cube "wire_h5"
                        {
                            double size = 1.0
                            float3[] extent = [(-0.5, -0.5, -0.5), (0.5, 0.5, 0.5)]
                            double3 xformOp:translate = (-1.5699999999999998, -2.0, 1.6466666666666665)
                            quatd xformOp:orient = (1.0, 0.0, 0.0, 0.0)
                            double3 xformOp:scale = (0.74, 0.005, 0.005)
                            uniform token[] xformOpOrder = ["xformOp:translate", "xformOp:orient", "xformOp:scale"]
                            color3f[] primvars:displayColor = [(0.550000011920929, 0.5799999833106995, 0.6000000238418579)]
                        }
                        def Cube "handle"
                        {
                            double size = 1.0
                            float3[] extent = [(-0.5, -0.5, -0.5), (0.5, 0.5, 0.5)]
                            double3 xformOp:translate = (-1.2299999999999998, -2.0, 1.0)
                            quatd xformOp:orient = (1.0, 0.0, 0.0, 0.0)
                            double3 xformOp:scale = (0.09, 0.06, 0.015)
                            uniform token[] xformOpOrder = ["xformOp:translate", "xformOp:orient", "xformOp:scale"]
                            color3f[] primvars:displayColor = [(0.3799999952316284, 0.4000000059604645, 0.41999998688697815)]
                        }
                    }
                    def Xform "p1_0"
                    {
                        def Cube "column"
                        {
                            double size = 1.0
                            float3[] extent = [(-0.5, -0.5, -0.5), (0.5, 0.5, 0.5)]
                            double3 xformOp:translate = (-1.14, -2.0, 1.0)
                            quatd xformOp:orient = (1.0, 0.0, 0.0, 0.0)
                            double3 xformOp:scale = (0.06, 0.04, 2.0)
                            uniform token[] xformOpOrder = ["xformOp:translate", "xformOp:orient", "xformOp:scale"]
                            color3f[] primvars:displayColor = [(0.1599999964237213, 0.17000000178813934, 0.1899999976158142)]
                        }
                        def Cube "base"
                        {
                            double size = 1.0
                            float3[] extent = [(-0.5, -0.5, -0.5), (0.5, 0.5, 0.5)]
                            double3 xformOp:translate = (-1.14, -2.0, 0.0075)
                            quatd xformOp:orient = (1.0, 0.0, 0.0, 0.0)
                            double3 xformOp:scale = (0.144, 0.144, 0.015)
                            uniform token[] xformOpOrder = ["xformOp:translate", "xformOp:orient", "xformOp:scale"]
                            color3f[] primvars:displayColor = [(0.20000000298023224, 0.20999999344348907, 0.23000000417232513)]
                        }
                    }
                    def Xform "e1_1"
                    {
                        def Cube "frame_t"
                        {
                            double size = 1.0
                            float3[] extent = [(-0.5, -0.5, -0.5), (0.5, 0.5, 0.5)]
                            double3 xformOp:translate = (-0.96, -2.0, 1.985)
                            quatd xformOp:orient = (1.0, 0.0, 0.0, 0.0)
                            double3 xformOp:scale = (0.3, 0.03, 0.03)
                            uniform token[] xformOpOrder = ["xformOp:translate", "xformOp:orient", "xformOp:scale"]
                            color3f[] primvars:displayColor = [(0.3799999952316284, 0.4000000059604645, 0.41999998688697815)]
                        }
                        def Cube "frame_b"
                        {
                            double size = 1.0
                            float3[] extent = [(-0.5, -0.5, -0.5), (0.5, 0.5, 0.5)]
                            double3 xformOp:translate = (-0.96, -2.0, 0.015)
                            quatd xformOp:orient = (1.0, 0.0, 0.0, 0.0)
                            double3 xformOp:scale = (0.3, 0.03, 0.03)
                            uniform token[] xformOpOrder = ["xformOp:translate", "xformOp:orient", "xformOp:scale"]
                            color3f[] primvars:displayColor = [(0.3799999952316284, 0.4000000059604645, 0.41999998688697815)]
                        }
                        def Cube "frame_l"
                        {
                            double size = 1.0
                            float3[] extent = [(-0.5, -0.5, -0.5), (0.5, 0.5, 0.5)]
                            double3 xformOp:translate = (-1.095, -2.0, 1.0)
                            quatd xformOp:orient = (1.0, 0.0, 0.0, 0.0)
                            double3 xformOp:scale = (0.03, 0.03, 1.94)
                            uniform token[] xformOpOrder = ["xformOp:translate", "xformOp:orient", "xformOp:scale"]
                            color3f[] primvars:displayColor = [(0.3799999952316284, 0.4000000059604645, 0.41999998688697815)]
                        }
                        def Cube "frame_r"
                        {
                            double size = 1.0
                            float3[] extent = [(-0.5, -0.5, -0.5), (0.5, 0.5, 0.5)]
                            double3 xformOp:translate = (-0.825, -2.0, 1.0)
                            quatd xformOp:orient = (1.0, 0.0, 0.0, 0.0)
                            double3 xformOp:scale = (0.03, 0.03, 1.94)
                            uniform token[] xformOpOrder = ["xformOp:translate", "xformOp:orient", "xformOp:scale"]
                            color3f[] primvars:displayColor = [(0.3799999952316284, 0.4000000059604645, 0.41999998688697815)]
                        }
                        def Cube "wire_v1"
                        {
                            double size = 1.0
                            float3[] extent = [(-0.5, -0.5, -0.5), (0.5, 0.5, 0.5)]
                            double3 xformOp:translate = (-1.032, -2.0, 1.0)
                            quatd xformOp:orient = (1.0, 0.0, 0.0, 0.0)
                            double3 xformOp:scale = (0.005, 0.005, 1.94)
                            uniform token[] xformOpOrder = ["xformOp:translate", "xformOp:orient", "xformOp:scale"]
                            color3f[] primvars:displayColor = [(0.550000011920929, 0.5799999833106995, 0.6000000238418579)]
                        }
                        def Cube "wire_v2"
                        {
                            double size = 1.0
                            float3[] extent = [(-0.5, -0.5, -0.5), (0.5, 0.5, 0.5)]
                            double3 xformOp:translate = (-0.984, -2.0, 1.0)
                            quatd xformOp:orient = (1.0, 0.0, 0.0, 0.0)
                            double3 xformOp:scale = (0.005, 0.005, 1.94)
                            uniform token[] xformOpOrder = ["xformOp:translate", "xformOp:orient", "xformOp:scale"]
                            color3f[] primvars:displayColor = [(0.550000011920929, 0.5799999833106995, 0.6000000238418579)]
                        }
                        def Cube "wire_v3"
                        {
                            double size = 1.0
                            float3[] extent = [(-0.5, -0.5, -0.5), (0.5, 0.5, 0.5)]
                            double3 xformOp:translate = (-0.9359999999999999, -2.0, 1.0)
                            quatd xformOp:orient = (1.0, 0.0, 0.0, 0.0)
                            double3 xformOp:scale = (0.005, 0.005, 1.94)
                            uniform token[] xformOpOrder = ["xformOp:translate", "xformOp:orient", "xformOp:scale"]
                            color3f[] primvars:displayColor = [(0.550000011920929, 0.5799999833106995, 0.6000000238418579)]
                        }
                        def Cube "wire_v4"
                        {
                            double size = 1.0
                            float3[] extent = [(-0.5, -0.5, -0.5), (0.5, 0.5, 0.5)]
                            double3 xformOp:translate = (-0.8879999999999999, -2.0, 1.0)
                            quatd xformOp:orient = (1.0, 0.0, 0.0, 0.0)
                            double3 xformOp:scale = (0.005, 0.005, 1.94)
                            uniform token[] xformOpOrder = ["xformOp:translate", "xformOp:orient", "xformOp:scale"]
                            color3f[] primvars:displayColor = [(0.550000011920929, 0.5799999833106995, 0.6000000238418579)]
                        }
                        def Cube "wire_h1"
                        {
                            double size = 1.0
                            float3[] extent = [(-0.5, -0.5, -0.5), (0.5, 0.5, 0.5)]
                            double3 xformOp:translate = (-0.96, -2.0, 0.3533333333333333)
                            quatd xformOp:orient = (1.0, 0.0, 0.0, 0.0)
                            double3 xformOp:scale = (0.24, 0.005, 0.005)
                            uniform token[] xformOpOrder = ["xformOp:translate", "xformOp:orient", "xformOp:scale"]
                            color3f[] primvars:displayColor = [(0.550000011920929, 0.5799999833106995, 0.6000000238418579)]
                        }
                        def Cube "wire_h2"
                        {
                            double size = 1.0
                            float3[] extent = [(-0.5, -0.5, -0.5), (0.5, 0.5, 0.5)]
                            double3 xformOp:translate = (-0.96, -2.0, 0.6766666666666666)
                            quatd xformOp:orient = (1.0, 0.0, 0.0, 0.0)
                            double3 xformOp:scale = (0.24, 0.005, 0.005)
                            uniform token[] xformOpOrder = ["xformOp:translate", "xformOp:orient", "xformOp:scale"]
                            color3f[] primvars:displayColor = [(0.550000011920929, 0.5799999833106995, 0.6000000238418579)]
                        }
                        def Cube "wire_h3"
                        {
                            double size = 1.0
                            float3[] extent = [(-0.5, -0.5, -0.5), (0.5, 0.5, 0.5)]
                            double3 xformOp:translate = (-0.96, -2.0, 1.0)
                            quatd xformOp:orient = (1.0, 0.0, 0.0, 0.0)
                            double3 xformOp:scale = (0.24, 0.005, 0.005)
                            uniform token[] xformOpOrder = ["xformOp:translate", "xformOp:orient", "xformOp:scale"]
                            color3f[] primvars:displayColor = [(0.550000011920929, 0.5799999833106995, 0.6000000238418579)]
                        }
                        def Cube "wire_h4"
                        {
                            double size = 1.0
                            float3[] extent = [(-0.5, -0.5, -0.5), (0.5, 0.5, 0.5)]
                            double3 xformOp:translate = (-0.96, -2.0, 1.3233333333333333)
                            quatd xformOp:orient = (1.0, 0.0, 0.0, 0.0)
                            double3 xformOp:scale = (0.24, 0.005, 0.005)
                            uniform token[] xformOpOrder = ["xformOp:translate", "xformOp:orient", "xformOp:scale"]
                            color3f[] primvars:displayColor = [(0.550000011920929, 0.5799999833106995, 0.6000000238418579)]
                        }
                        def Cube "wire_h5"
                        {
                            double size = 1.0
                            float3[] extent = [(-0.5, -0.5, -0.5), (0.5, 0.5, 0.5)]
                            double3 xformOp:translate = (-0.96, -2.0, 1.6466666666666665)
                            quatd xformOp:orient = (1.0, 0.0, 0.0, 0.0)
                            double3 xformOp:scale = (0.24, 0.005, 0.005)
                            uniform token[] xformOpOrder = ["xformOp:translate", "xformOp:orient", "xformOp:scale"]
                            color3f[] primvars:displayColor = [(0.550000011920929, 0.5799999833106995, 0.6000000238418579)]
                        }
                    }
                    def Xform "p1_1"
                    {
                        def Cube "column"
                        {
                            double size = 1.0
                            float3[] extent = [(-0.5, -0.5, -0.5), (0.5, 0.5, 0.5)]
                            double3 xformOp:translate = (-0.7799999999999998, -2.0, 1.0)
                            quatd xformOp:orient = (1.0, 0.0, 0.0, 0.0)
                            double3 xformOp:scale = (0.06, 0.04, 2.0)
                            uniform token[] xformOpOrder = ["xformOp:translate", "xformOp:orient", "xformOp:scale"]
                            color3f[] primvars:displayColor = [(0.1599999964237213, 0.17000000178813934, 0.1899999976158142)]
                        }
                        def Cube "base"
                        {
                            double size = 1.0
                            float3[] extent = [(-0.5, -0.5, -0.5), (0.5, 0.5, 0.5)]
                            double3 xformOp:translate = (-0.7799999999999998, -2.0, 0.0075)
                            quatd xformOp:orient = (1.0, 0.0, 0.0, 0.0)
                            double3 xformOp:scale = (0.144, 0.144, 0.015)
                            uniform token[] xformOpOrder = ["xformOp:translate", "xformOp:orient", "xformOp:scale"]
                            color3f[] primvars:displayColor = [(0.20000000298023224, 0.20999999344348907, 0.23000000417232513)]
                        }
                    }
                    def Xform "e1_2"
                    {
                        def Cube "frame_t"
                        {
                            double size = 1.0
                            float3[] extent = [(-0.5, -0.5, -0.5), (0.5, 0.5, 0.5)]
                            double3 xformOp:translate = (-0.6499999999999997, -2.0, 1.985)
                            quatd xformOp:orient = (1.0, 0.0, 0.0, 0.0)
                            double3 xformOp:scale = (0.2, 0.03, 0.03)
                            uniform token[] xformOpOrder = ["xformOp:translate", "xformOp:orient", "xformOp:scale"]
                            color3f[] primvars:displayColor = [(0.3799999952316284, 0.4000000059604645, 0.41999998688697815)]
                        }
                        def Cube "frame_b"
                        {
                            double size = 1.0
                            float3[] extent = [(-0.5, -0.5, -0.5), (0.5, 0.5, 0.5)]
                            double3 xformOp:translate = (-0.6499999999999997, -2.0, 0.015)
                            quatd xformOp:orient = (1.0, 0.0, 0.0, 0.0)
                            double3 xformOp:scale = (0.2, 0.03, 0.03)
                            uniform token[] xformOpOrder = ["xformOp:translate", "xformOp:orient", "xformOp:scale"]
                            color3f[] primvars:displayColor = [(0.3799999952316284, 0.4000000059604645, 0.41999998688697815)]
                        }
                        def Cube "frame_l"
                        {
                            double size = 1.0
                            float3[] extent = [(-0.5, -0.5, -0.5), (0.5, 0.5, 0.5)]
                            double3 xformOp:translate = (-0.7349999999999997, -2.0, 1.0)
                            quatd xformOp:orient = (1.0, 0.0, 0.0, 0.0)
                            double3 xformOp:scale = (0.03, 0.03, 1.94)
                            uniform token[] xformOpOrder = ["xformOp:translate", "xformOp:orient", "xformOp:scale"]
                            color3f[] primvars:displayColor = [(0.3799999952316284, 0.4000000059604645, 0.41999998688697815)]
                        }
                        def Cube "frame_r"
                        {
                            double size = 1.0
                            float3[] extent = [(-0.5, -0.5, -0.5), (0.5, 0.5, 0.5)]
                            double3 xformOp:translate = (-0.5649999999999997, -2.0, 1.0)
                            quatd xformOp:orient = (1.0, 0.0, 0.0, 0.0)
                            double3 xformOp:scale = (0.03, 0.03, 1.94)
                            uniform token[] xformOpOrder = ["xformOp:translate", "xformOp:orient", "xformOp:scale"]
                            color3f[] primvars:displayColor = [(0.3799999952316284, 0.4000000059604645, 0.41999998688697815)]
                        }
                        def Cube "wire_v1"
                        {
                            double size = 1.0
                            float3[] extent = [(-0.5, -0.5, -0.5), (0.5, 0.5, 0.5)]
                            double3 xformOp:translate = (-0.673333333333333, -2.0, 1.0)
                            quatd xformOp:orient = (1.0, 0.0, 0.0, 0.0)
                            double3 xformOp:scale = (0.005, 0.005, 1.94)
                            uniform token[] xformOpOrder = ["xformOp:translate", "xformOp:orient", "xformOp:scale"]
                            color3f[] primvars:displayColor = [(0.550000011920929, 0.5799999833106995, 0.6000000238418579)]
                        }
                        def Cube "wire_v2"
                        {
                            double size = 1.0
                            float3[] extent = [(-0.5, -0.5, -0.5), (0.5, 0.5, 0.5)]
                            double3 xformOp:translate = (-0.6266666666666664, -2.0, 1.0)
                            quatd xformOp:orient = (1.0, 0.0, 0.0, 0.0)
                            double3 xformOp:scale = (0.005, 0.005, 1.94)
                            uniform token[] xformOpOrder = ["xformOp:translate", "xformOp:orient", "xformOp:scale"]
                            color3f[] primvars:displayColor = [(0.550000011920929, 0.5799999833106995, 0.6000000238418579)]
                        }
                        def Cube "wire_h1"
                        {
                            double size = 1.0
                            float3[] extent = [(-0.5, -0.5, -0.5), (0.5, 0.5, 0.5)]
                            double3 xformOp:translate = (-0.6499999999999997, -2.0, 0.3533333333333333)
                            quatd xformOp:orient = (1.0, 0.0, 0.0, 0.0)
                            double3 xformOp:scale = (0.14, 0.005, 0.005)
                            uniform token[] xformOpOrder = ["xformOp:translate", "xformOp:orient", "xformOp:scale"]
                            color3f[] primvars:displayColor = [(0.550000011920929, 0.5799999833106995, 0.6000000238418579)]
                        }
                        def Cube "wire_h2"
                        {
                            double size = 1.0
                            float3[] extent = [(-0.5, -0.5, -0.5), (0.5, 0.5, 0.5)]
                            double3 xformOp:translate = (-0.6499999999999997, -2.0, 0.6766666666666666)
                            quatd xformOp:orient = (1.0, 0.0, 0.0, 0.0)
                            double3 xformOp:scale = (0.14, 0.005, 0.005)
                            uniform token[] xformOpOrder = ["xformOp:translate", "xformOp:orient", "xformOp:scale"]
                            color3f[] primvars:displayColor = [(0.550000011920929, 0.5799999833106995, 0.6000000238418579)]
                        }
                        def Cube "wire_h3"
                        {
                            double size = 1.0
                            float3[] extent = [(-0.5, -0.5, -0.5), (0.5, 0.5, 0.5)]
                            double3 xformOp:translate = (-0.6499999999999997, -2.0, 1.0)
                            quatd xformOp:orient = (1.0, 0.0, 0.0, 0.0)
                            double3 xformOp:scale = (0.14, 0.005, 0.005)
                            uniform token[] xformOpOrder = ["xformOp:translate", "xformOp:orient", "xformOp:scale"]
                            color3f[] primvars:displayColor = [(0.550000011920929, 0.5799999833106995, 0.6000000238418579)]
                        }
                        def Cube "wire_h4"
                        {
                            double size = 1.0
                            float3[] extent = [(-0.5, -0.5, -0.5), (0.5, 0.5, 0.5)]
                            double3 xformOp:translate = (-0.6499999999999997, -2.0, 1.3233333333333333)
                            quatd xformOp:orient = (1.0, 0.0, 0.0, 0.0)
                            double3 xformOp:scale = (0.14, 0.005, 0.005)
                            uniform token[] xformOpOrder = ["xformOp:translate", "xformOp:orient", "xformOp:scale"]
                            color3f[] primvars:displayColor = [(0.550000011920929, 0.5799999833106995, 0.6000000238418579)]
                        }
                        def Cube "wire_h5"
                        {
                            double size = 1.0
                            float3[] extent = [(-0.5, -0.5, -0.5), (0.5, 0.5, 0.5)]
                            double3 xformOp:translate = (-0.6499999999999997, -2.0, 1.6466666666666665)
                            quatd xformOp:orient = (1.0, 0.0, 0.0, 0.0)
                            double3 xformOp:scale = (0.14, 0.005, 0.005)
                            uniform token[] xformOpOrder = ["xformOp:translate", "xformOp:orient", "xformOp:scale"]
                            color3f[] primvars:displayColor = [(0.550000011920929, 0.5799999833106995, 0.6000000238418579)]
                        }
                    }
                }
            }
        }
        def Xform "gate_curtain"
        {
            def Cube "column_a"
            {
                double size = 1.0
                float3[] extent = [(-0.5, -0.5, -0.5), (0.5, 0.5, 0.5)]
                double3 xformOp:translate = (-0.5, -1.92, 0.4625)
                quatd xformOp:orient = (1.0, 0.0, 0.0, 0.0)
                double3 xformOp:scale = (0.038, 0.032, 0.925)
                uniform token[] xformOpOrder = ["xformOp:translate", "xformOp:orient", "xformOp:scale"]
                color3f[] primvars:displayColor = [(0.1599999964237213, 0.17000000178813934, 0.1899999976158142)]
            }
            def Cube "column_b"
            {
                double size = 1.0
                float3[] extent = [(-0.5, -0.5, -0.5), (0.5, 0.5, 0.5)]
                double3 xformOp:translate = (0.5, -1.92, 0.4625)
                quatd xformOp:orient = (1.0, 0.0, 0.0, 0.0)
                double3 xformOp:scale = (0.038, 0.032, 0.925)
                uniform token[] xformOpOrder = ["xformOp:translate", "xformOp:orient", "xformOp:scale"]
                color3f[] primvars:displayColor = [(0.1599999964237213, 0.17000000178813934, 0.1899999976158142)]
            }
        }
    }
}
